Brand Name,Only:Accessory/Outerwear/Swimwear/Formalwear/Showroom,Boys,Girls,Organic Y/M/N,Made in the USA Y/N,Price Level (1-5),Pop,Techno/Funk,Indie,Hip Hop,Jazz,Lullaby,Jock Jams
1+ in the Family,0,1,1,-1,-1,3,1,-1,-1,-1,1,1,-1
 ,0,1,1,-1,-1,3,1,1,-1,1,1,-1,1
2H Handknits,1,1,1,1,-1,3,-1,-1,1,-1,1,-1,-1
3 Marthas and Layette by 3 Marthas,0,1,1,-1,1,3,-1,-1,-1,-1,1,1,-1
3 Pommes,0,1,1,-1,-1,3,1,1,-1,1,1,1,-1
4FunkyFlavours,0,1,1,-1,-1,3,1,1,-1,1,-1,-1,-1
6 Sticks,0,0,0,0,0,3,0,0,0,0,0,0,0
7 AM Enfant,1,1,1,1,1,3,1,-1,1,-1,1,-1,-1
7 for All Mankind,0,1,1,-1,-1,3,1,-1,-1,-1,-1,-1,-1
98 Coast Av. USA,0,1,1,-1,-1,3,-1,-1,-1,-1,-1,-1,1
A Bit of Honey,1,1,1,-1,-1,3,1,1,-1,-1,1,-1,1
A for Apple,0,1,1,1,-1,4,1,1,1,-1,1,-1,-1
A Little Pocket,0,1,1,-1,-1,2,1,-1,-1,-1,-1,-1,-1
A. Gold E,0,-1,-1,0,0,3,0,0,0,0,0,0,0
A.Bird,0,1,1,-1,1,2,1,1,-1,-1,1,-1,-1
A076,0,1,1,-1,-1,4,1,1,-1,-1,1,-1,1
Aaiko,0,-1,1,-1,-1,4,1,1,-1,-1,1,-1,1
Aarrekid,0,1,1,-1,-1,4,1,1,-1,-1,1,1,1
Aarya London (Backpacks),1,-1,-1,-1,-1,2,1,-1,-1,-1,-1,-1,-1
AB Showrooms,1,1,1,0,-1,3,1,1,1,-1,1,1,1
Abandon Ship Clothing,0,0,0,0,0,3,0,0,0,0,0,0,0
Absorba,0,1,1,-1,-1,3,1,1,-1,-1,1,1,-1
acbc,0,1,1,-1,-1,4,1,1,-1,1,-1,-1,1
Accessories by Adriana,0,0,0,0,0,3,0,0,0,0,0,0,0
Accessories by Truly Whimsical,0,0,0,0,0,3,0,0,0,0,0,0,0
acebo's (shoes),1,-1,-1,-1,-1,3,0,0,0,0,0,0,0
Acne Studios,0,-1,-1,0,0,3,0,0,0,0,0,0,0
Acvisa Co.,0,0,0,0,0,3,0,0,0,0,0,0,0
Aden & Anais,0,1,1,-1,-1,2,-1,-1,-1,-1,-1,1,-1
Adidas,0,1,1,-1,-1,2,1,1,-1,-1,-1,-1,1
Adriana Mae by innova baby,0,0,0,0,0,3,0,0,0,0,0,0,0
AG Kids Adriano Goldschmied,0,1,1,-1,-1,4,-1,1,-1,-1,-1,-1,-1
Agatha Cub,0,1,1,-1,-1,2,1,1,-1,-1,-1,-1,-1
Agatha Ruiz De La Prada,0,1,1,-1,-1,4,1,1,-1,-1,-1,-1,-1
aghi e bubi,0,1,1,-1,-1,3,-1,1,-1,-1,-1,-1,-1
Aguaclara Girls</div>,0,-1,-1,0,0,3,0,0,0,0,0,0,0
Aigle,1,1,1,-1,-1,4,-1,1,-1,-1,-1,-1,-1
Aimama</div>,0,0,0,0,0,3,0,0,0,0,0,0,0
Aisabobo</div>,0,1,1,-1,-1,4,-1,-1,-1,-1,1,-1,-1
Akid,1,-1,-1,-1,-1,4,0,0,0,0,0,0,0
Akido kids,1,-1,-1,1,-1,3,0,0,0,0,0,0,0
Alba Baby,0,1,1,-1,-1,3,1,1,-1,1,-1,-1,-1
Albetta,0,1,1,-1,-1,2,1,-1,-1,-1,-1,1,-1
Album Di Famiglia,0,1,1,-1,-1,4,-1,-1,-1,-1,1,-1,-1
Alfie Children's Apparel,0,1,1,-1,-1,2,1,1,-1,-1,-1,-1,-1
Ali's Market,0,1,1,-1,1,3,1,1,-1,-1,1,1,1
alisette by b,0,1,1,-1,-1,1,1,-1,-1,-1,-1,1,-1
Alitsa,0,-1,1,-1,-1,3,1,1,-1,-1,1,-1,-1
alohaloha,0,1,1,-1,-1,1,1,1,-1,-1,1,1,-1
Alphabet Soup,0,1,1,-1,-1,2,1,1,-1,1,-1,1,1
Alviso,0,0,0,0,0,3,0,0,0,0,0,0,0
Amaia Kids,0,1,1,-1,-1,2,1,1,-1,-1,1,-1,-1
Ambajam,0,0,0,0,0,3,0,0,0,0,0,0,0
Amelia Milano,-1,1,1,-1,-1,5,1,1,1,-1,1,-1,-1
Amelie et Sophie,0,-1,1,-1,-1,4,1,-1,-1,-1,1,-1,-1
American Apparel,0,1,1,-1,-1,1,-1,-1,-1,-1,-1,1,1
American Jewel</div>,1,0,0,0,0,3,0,0,0,0,0,0,0
American Vintage,0,0,0,0,0,3,0,0,0,0,0,0,0
American Widgeon</div>,0,1,1,-1,-1,2,-1,-1,-1,-1,1,1,1
Ami Amie,0,1,1,-1,-1,2,1,1,-1,-1,1,-1,-1
Amiana,1,0,0,-1,-1,3,0,0,0,0,0,0,0
Amiki,0,1,1,-1,-1,2,1,-1,-1,-1,-1,1,-1
Ammehoela (Added 4/26),0,0,0,0,0,3,0,0,0,0,0,0,0
Amour Bows</div>,-1,-1,1,-1,-1,4,-1,-1,-1,-1,1,-1,-1
Amplified Kids,-1,1,1,-1,-1,3,-1,-1,1,-1,-1,-1,1
Anais & I,0,1,1,-1,-1,3,0,0,0,0,0,0,0
Anar Kid,0,1,1,1,-1,2,1,-1,1,-1,1,-1,-1
Anavini</div>,0,1,1,-1,-1,3,0,0,0,0,0,0,0
Ancar,-1,1,1,-1,0,2,1,-1,1,-1,1,-1,-1
Anchovy,0,1,1,-1,-1,3,1,1,-1,-1,-1,-1,-1
And Then There was Jake,-1,1,-1,-1,1,3,0,0,0,0,0,0,0
Andanines (Shoes),1,0,0,0,0,3,0,0,0,0,0,0,0
Andorine,0,1,1,-1,-1,4,1,1,-1,-1,1,-1,-1
ANDREW MARC</div>,0,-1,-1,0,0,3,0,0,0,0,0,0,0
Andy & Evan,0,1,1,-1,-1,2,-1,1,-1,-1,1,-1,-1
Angel Dear</div>,0,1,1,-1,-1,2,1,-1,-1,-1,-1,1,-1
Angela Frost,0,-1,1,-1,1,2,1,1,-1,-1,-1,-1,1
Angels Face,0,-1,1,-1,-1,4,1,1,-1,-1,1,1,1
Angels New York US</div>,0,1,1,-1,-1,3,1,-1,-1,-1,1,-1,-1
angerolux,0,0,0,-1,-1,3,0,0,0,0,0,0,0
Angulus,1,0,0,0,0,3,0,0,0,0,0,0,0
Animal Kids Clothes,0,0,0,0,0,3,0,0,0,0,0,0,0
Anita G,-1,-1,1,-1,1,1,1,-1,1,-1,1,-1,-1
Anive for the Minors,0,1,1,1,-1,2,1,1,1,-1,1,-1,-1
anja schwerbrock treehouse,0,1,1,-1,-1,4,-1,-1,-1,-1,1,1,-1
Anja&#039;s Dream</div>,1,0,0,0,0,3,0,0,0,0,0,0,0
Annafie,0,1,1,-1,-1,3,1,-1,-1,-1,1,-1,-1
Anne Claire Petit,1,0,0,-1,-1,3,0,0,0,0,0,0,0
Anne Kurris,0,1,1,-1,-1,3,1,1,-1,-1,1,-1,-1
Anne Studios,0,0,0,0,0,3,0,0,0,0,0,0,0
Anne Valerie Hash,0,-1,-1,0,0,3,0,0,0,0,0,0,0
Anne Willi,0,-1,-1,0,0,3,0,0,0,0,0,0,0
Annie and Daisy,0,1,1,-1,1,2,1,1,-1,-1,-1,-1,-1
Anniel,1,0,0,0,0,3,0,0,0,0,0,0,0
Another Fox,-1,1,1,-1,-1,2,1,1,-1,1,-1,-1,-1
antebies,0,1,1,1,-1,2,1,1,1,-1,-1,1,-1
Anthem of the ants,0,-1,1,0,-1,4,1,-1,-1,-1,1,-1,-1
Antik Batik,0,-1,-1,0,0,3,0,0,0,0,0,0,0
Antoinette Paris</div>,-1,-1,-1,0,0,3,0,0,0,0,0,0,0
Appaman,0,1,1,-1,-1,2,1,1,-1,-1,1,-1,-1
Apple Park,0,1,1,0,-1,2,-1,-1,1,-1,-1,1,-1
Apres Les Petites</div>,1,0,0,0,0,3,0,0,0,0,0,0,0
Aprils Bloom,0,0,1,1,1,2,1,-1,1,-1,1,-1,-1
apunktchen,0,1,1,-1,-1,3,1,-1,-1,-1,1,-1,-1
Aqua Blu</div>,0,0,0,0,0,3,0,0,0,0,0,0,0
Aquarium Kidz,0,1,1,1,-1,3,1,1,1,-1,-1,-1,-1
Arassic,-1,-1,1,0,0,3,0,0,0,0,0,0,0
Arautorap (Shoes),1,0,0,0,0,3,0,0,0,0,0,0,0
Aravore,0,1,1,0,-1,4,1,-1,1,-1,1,-1,-1
Archimede,0,1,1,-1,-1,3,1,-1,-1,-1,-1,-1,1
Area Kids,0,0,0,0,0,3,0,0,0,0,0,0,0
Aristocrat Kids,0,-1,1,-1,-1,3,1,-1,-1,-1,1,-1,-1
arkakama,0,1,1,-1,-1,3,1,-1,-1,-1,-1,-1,-1
Armani Junior,0,1,1,-1,-1,3,1,1,-1,-1,1,-1,-1
Armor Lux,0,1,1,-1,-1,3,1,-1,-1,-1,1,1,-1
Art & Eden,0,1,1,1,-1,2,1,1,1,-1,-1,-1,-1
Artie Kids,0,1,1,1,-1,1,1,1,1,-1,-1,1,-1
Artimus London,1,0,0,0,0,3,0,0,0,0,0,0,0
ArtWalk,0,0,0,0,0,3,0,0,0,0,0,0,0
ASH,1,-1,-1,0,0,3,0,0,0,0,0,0,0
Ashley Rose,0,1,1,-1,1,2,-1,1,-1,-1,1,-1,-1
Aster Shoes,1,1,1,-1,1,3,0,0,0,0,0,0,0
Aston Martin Boy,0,1,-1,-1,-1,2,-1,1,-1,-1,-1,-1,1
Atelier Barn,0,0,0,0,0,3,0,0,0,0,0,0,0
Atelier Child,0,1,1,-1,-1,3,1,1,-1,-1,-1,1,-1
atelier choux,1,0,0,1,-1,3,0,0,0,0,0,0,0
Atelier Djm,0,1,1,0,0,2,-1,-1,-1,-1,1,-1,-1
Atlanta Mocassin,1,0,0,0,0,3,0,0,0,0,0,0,0
Atsuyo Et Akiko,0,1,1,-1,-1,5,-1,1,-1,-1,-1,-1,-1
Attic,0,1,1,0,-1,3,1,-1,-1,-1,-1,-1,-1
Autumn Cashmere,0,1,1,-1,-1,5,-1,1,-1,-1,1,-1,-1
Aviator Nation,0,1,1,-1,-1,4,1,1,-1,-1,-1,-1,-1
Aya Naya,-1,1,1,-1,-1,3,0,0,0,0,0,0,0
Aygey,0,1,1,-1,-1,3,1,1,-1,-1,1,-1,-1
Aymara,0,1,1,-1,-1,3,1,-1,-1,-1,1,-1,-1
Azul Swimwear</div>,-1,1,1,0,0,3,0,0,0,0,0,0,0
B Box (Bibs),1,0,0,0,0,3,0,0,0,0,0,0,0
B nature,0,1,1,1,-1,1,1,-1,-1,-1,-1,-1,-1
B. Nosy,0,0,0,0,0,3,0,0,0,0,0,0,0
b&h</div>,0,0,0,0,0,3,0,0,0,0,0,0,0
Ba Ba Bling Kids,0,1,1,-1,1,3,1,-1,-1,-1,1,-1,-1
Babe and Tess,0,0,0,0,0,3,0,0,0,0,0,0,0
Babesta Thread,0,0,0,0,0,3,0,0,0,0,0,0,0
Babiators</div>,0,0,0,0,0,3,0,0,0,0,0,0,0
Babidu,0,1,1,-1,-1,3,0,0,0,0,0,0,0
Babou,0,1,1,-1,-1,1,1,1,-1,-1,1,1,1
Babrara Farber,0,-1,1,-1,-1,3,0,0,0,0,0,0,0
Baby,0,0,0,0,0,3,0,0,0,0,0,0,0
Baby & Cie,1,0,0,0,0,3,0,0,0,0,0,0,0
Baby Alpaga,0,1,1,-1,-1,3,-1,-1,-1,-1,-1,1,-1
baby banana,0,0,0,0,0,3,0,0,0,0,0,0,0
Baby Couture,0,1,1,-1,-1,1,1,1,-1,-1,1,-1,-1
Baby CZ,0,1,1,-1,-1,3,1,-1,-1,-1,1,-1,-1
Baby Deedee,0,1,1,-1,-1,2,-1,-1,-1,-1,-1,1,-1
Baby Deer,0,0,0,0,0,3,0,0,0,0,0,0,0
Baby Dior,0,1,1,-1,-1,3,1,-1,-1,-1,1,1,-1
baby elephant ears,1,0,0,-1,-1,3,1,-1,-1,-1,1,1,-1
Baby Gi,0,1,1,0,0,3,0,0,0,0,0,0,0
Baby Graziella,0,1,1,-1,-1,3,-1,-1,-1,-1,1,-1,-1
Baby in Bloom,1,0,0,0,0,3,0,0,0,0,0,0,0
baby jives & co,1,0,0,0,0,3,0,0,0,0,0,0,0
Baby Lulu,0,1,1,-1,-1,2,1,1,-1,-1,-1,-1,-1
Baby Nay,0,1,1,-1,-1,3,1,1,-1,-1,1,1,-1
Baby Noomie,0,1,1,-1,-1,2,1,1,-1,-1,-1,1,-1
Baby On The Go</div>,1,0,0,0,0,3,0,0,0,0,0,0,0
Baby Play,0,1,1,-1,-1,2,1,-1,-1,-1,-1,1,-1
Baby Sara,0,0,0,-1,-1,3,0,0,0,0,0,0,0
Baby Star,0,0,0,0,0,3,0,0,0,0,0,0,0
Baby Steps</div>,0,1,1,-1,-1,2,1,1,-1,-1,-1,1,-1
Baby Threads,0,1,1,-1,-1,2,1,1,-1,-1,1,1,-1
Baby Version Rock,0,0,0,0,0,3,0,0,0,0,0,0,0
baby&taylor,0,1,1,-1,-1,4,1,-1,-1,-1,1,-1,-1
babybling,1,0,0,-1,1,3,0,0,0,0,0,0,0
Babybotte,1,0,0,0,0,3,0,0,0,0,0,0,0
babycottons,0,1,1,-1,-1,2,1,-1,-1,-1,1,1,-1
Babyface</div>,0,1,1,-1,-1,2,1,1,-1,-1,1,-1,-1
BabyLegs,0,1,1,0,-1,2,1,1,-1,-1,-1,1,-1
Babysoy,0,1,1,1,-1,2,1,-1,1,-1,-1,1,-1
BabySprouts & Co,0,1,1,-1,1,2,1,-1,-1,-1,1,-1,-1
bachha essential,0,0,0,0,0,3,0,0,0,0,0,0,0
BADGLEY MISCHKA</div>,1,0,0,0,0,3,0,0,0,0,0,0,0
Bakker Made with Love,0,1,1,-1,-1,3,1,1,-1,-1,-1,-1,-1
Balabala,0,0,0,0,0,3,0,0,0,0,0,0,0
baliene,0,-1,1,-1,-1,2,-1,1,-1,-1,-1,-1,-1
Ballantyne,0,-1,-1,0,0,3,0,0,0,0,0,0,0
Balloon Copenhagen,0,1,1,0,-1,3,-1,1,-1,-1,-1,1,-1
Balu Hooligans,0,0,0,0,0,3,0,0,0,0,0,0,0
Bamboo + Love</div>,0,1,1,1,-1,3,-1,-1,1,-1,1,1,-1
Bamboo Baby,0,1,1,1,-1,3,-1,1,1,-1,1,1,-1
Bandit Kids,0,1,1,0,-1,4,-1,1,1,-1,1,-1,-1
bangbang copenhagen,0,1,1,-1,-1,3,1,1,-1,-1,-1,-1,-1
banwood,0,1,1,-1,-1,3,-1,-1,-1,-1,-1,-1,1
Baobab,0,1,1,0,-1,2,1,1,1,-1,-1,-1,-1
Barbour Kids,0,1,1,-1,-1,3,-1,0,-1,-1,1,-1,-1
Barcelona Brands,0,1,1,-1,-1,3,1,1,-1,-1,1,1,-1
Bardot Junior,0,0,0,0,0,3,0,0,0,0,0,0,0
Barefoot Dreams,0,1,1,-1,-1,4,-1,-1,-1,-1,1,1,-1
Bari Lynn</div>,0,0,0,0,0,3,0,0,0,0,0,0,0
Barn of Monkeys,0,1,1,1,-1,2,1,1,1,-1,-1,-1,-1
Barque,0,1,-1,-1,-1,3,-1,-1,-1,-1,1,-1,-1
Be Lucky,0,0,0,0,0,3,0,0,0,0,0,0,0
Bea & Izzy,0,-1,1,-1,-1,4,-1,1,-1,-1,1,-1,-1
Bean's Barcelona,0,1,1,-1,-1,2,1,-1,-1,-1,-1,1,-1
Beau Hudson,0,1,1,-1,-1,2,1,1,-1,-1,-1,-1,-1
Beau Loves,0,1,1,-1,-1,2,1,1,-1,-1,-1,-1,-1
Beau and Rooster,0,0,0,0,0,3,0,0,0,0,0,0,0
Beaufort Bonnet Company,0,1,1,-1,1,2,1,1,-1,-1,1,1,-1
Bebe Bom,0,1,1,0,-1,4,-1,-1,-1,-1,1,1,-1
Bebe Fete,0,1,1,-1,-1,2,-1,1,-1,-1,-1,-1,-1
BEBE GABRIELLE</div>,0,-1,1,-1,-1,3,-1,-1,-1,-1,1,-1,-1
bebe organic,0,1,1,1,-1,2,-1,-1,1,-1,1,-1,-1
Bebe Sweeny</div>,0,0,0,0,0,3,0,0,0,0,0,0,0
Bebebo,0,0,0,0,0,3,0,0,0,0,0,0,0
bebemeshi,-1,-1,-1,0,0,3,0,0,0,0,0,0,0
Bebemonde,0,-1,1,0,0,3,0,0,0,0,0,0,0
Bebobio,0,0,0,0,0,3,0,0,0,0,0,0,0
Beep Beep Baby Slings,0,0,0,0,0,3,0,0,0,0,0,0,0
Belcoquet,0,1,1,0,0,3,0,0,0,0,0,0,0
Bella Bliss,-1,1,1,-1,-1,3,-1,-1,1,1,1,1,1
Bella Rose Playwear</div>,0,-1,1,0,1,2,-1,-1,1,-1,1,-1,1
belle chiara,-1,-1,1,0,-1,5,-1,-1,1,-1,1,-1,-1
belle enfant,-1,-1,1,-1,-1,3,0,0,0,0,0,0,0
Belle Threads</div>,0,0,0,0,0,3,0,0,0,0,0,0,0
Bellerose,-1,1,1,-1,-1,3,0,0,0,0,0,0,0
Bello Uomo</div>,0,0,0,0,0,3,0,0,0,0,0,0,0
bellusa,0,0,0,0,0,3,0,0,0,0,0,0,0
bellybutton,0,0,0,0,0,3,0,0,0,0,0,0,0
Ben Sherman LKids,0,0,0,0,0,3,0,0,0,0,0,0,0
Bench Kids,0,1,1,-1,1,3,-1,1,-1,-1,-1,-1,-1
Benedita,0,1,1,0,0,3,0,0,0,0,0,0,0
Benetton,-1,1,1,-1,1,1,1,-1,-1,-1,1,-1,-1
Bengh per Principesse,-1,-1,1,-1,-1,1,1,-1,-1,1,1,-1,-1
bensimon,-1,1,1,-1,-1,3,0,0,0,0,0,0,0
Besos by Kissy Kissy,0,0,0,0,0,3,0,0,0,0,0,0,0
Best of Chums</div>,-1,-1,1,-1,1,3,0,0,0,0,0,0,0
Bestaro</div>,0,0,0,0,0,3,0,0,0,0,0,0,0
bétta,0,0,0,0,0,3,0,0,0,0,0,0,0
Bettlejuice London,0,0,0,0,0,3,0,0,0,0,0,0,0
Bianco Baby,0,1,1,-1,-1,3,-1,-1,-1,-1,1,-1,-1
bibetta,0,0,0,0,0,3,0,0,0,0,0,0,0
BIBI</div>,0,0,0,0,0,3,0,0,0,0,0,0,0
Bikkembergs Junior,0,0,0,0,0,3,0,0,0,0,0,0,0
Billie Blush,0,0,0,0,0,3,0,0,0,0,0,0,0
Billy Bandit,0,0,0,0,0,3,0,0,0,0,0,0,0
Biscotti + Kate Mack ,0,0,0,0,0,3,0,0,0,0,0,0,0
Bit'Z Kids,0,0,0,0,0,3,0,0,0,0,0,0,0
Blabla Kids,0,0,0,0,0,3,0,0,0,0,0,0,0
Blade + Rose,0,0,0,0,0,3,0,0,0,0,0,0,0
Blair and Dave</div>,0,0,0,0,0,3,0,0,0,0,0,0,0
Blake Brand,0,1,1,0,-1,3,1,1,-1,1,-1,-1,1
Blauer Jr,0,0,0,0,0,3,0,0,0,0,0,0,0
Bleu Comme Gris,0,0,0,0,0,3,0,0,0,0,0,0,0
Bloch (Dancewear),0,0,0,0,0,3,0,0,0,0,0,0,0
Blossom and Bear (Accessory),0,0,0,0,0,3,0,0,0,0,0,0,0
BLOWFISH MALIBU</div>,0,0,0,0,0,3,0,0,0,0,0,0,0
Blu & Blue,0,0,0,0,0,3,0,0,0,0,0,0,0
Blu Pony Vintage,0,0,0,0,0,3,0,0,0,0,0,0,0
Blue Cross,0,0,0,0,0,3,0,0,0,0,0,0,0
Blue Underwear</div>,0,0,0,0,0,3,0,0,0,0,0,0,0
Bluebelle,0,0,0,0,0,3,0,0,0,0,0,0,0
Blueport by Le Club</div>,0,0,0,0,0,3,0,0,0,0,0,0,0
Blune Kids,0,0,0,0,0,3,0,0,0,0,0,0,0
Blush,0,0,0,0,0,3,0,0,0,0,0,0,0
Bo-Bell (shoes),1,0,0,0,0,3,0,0,0,0,0,0,0
Bob and Blossom,0,0,0,0,0,3,0,0,0,0,0,0,0
Bobine Paris,0,0,0,0,0,3,0,0,0,0,0,0,0
Bobo Choses,0,0,0,0,0,3,0,0,0,0,0,0,0
Boboli,0,0,0,0,0,3,0,0,0,0,0,0,0
Bobux (Shoes),1,0,0,0,0,3,0,0,0,0,0,0,0
Bock Copenhagen,0,0,0,0,0,3,0,0,0,0,0,0,0
Bodega International</div>,0,0,0,0,0,3,0,0,0,0,0,0,0
Boden,0,0,0,0,0,3,0,0,0,0,0,0,0
Bogs Footwear,0,0,0,0,0,3,0,0,0,0,0,0,0
Bogner Kids (Outerwear),0,0,0,0,0,3,0,0,0,0,0,0,0
bonheur du jour,0,0,0,0,0,3,0,0,0,0,0,0,0
bonnet a pompon,0,0,0,0,0,3,0,0,0,0,0,0,0
Bonnie Baby,0,0,0,0,0,3,0,0,0,0,0,0,0
Bonnie Jean,0,0,0,0,0,3,0,0,0,0,0,0,0
Bonpoint,0,0,0,0,0,3,0,0,0,0,0,0,0
Bonton,0,0,0,0,0,3,0,0,0,0,0,0,0
Boo!,0,1,1,0,-1,3,-1,1,1,1,-1,-1,-1
Boody Baby,0,0,0,0,0,3,0,0,0,0,0,0,0
BooFooWoo,0,0,0,0,0,3,0,0,0,0,0,0,0
BOOGIE BEAR</div>,0,0,0,0,0,3,0,0,0,0,0,0,0
booginhead,0,0,0,0,0,3,0,0,0,0,0,0,0
Books to Bed,0,0,0,0,0,3,0,0,0,0,0,0,0
Bora Bora Kids,0,0,0,0,0,3,0,0,0,0,0,0,0
Born Bespoke (shoes),1,0,0,0,0,3,0,0,0,0,0,0,0
Borsalino (Hats),0,0,0,0,0,3,0,0,0,0,0,0,0
Borxz,0,0,0,0,0,3,0,0,0,0,0,0,0
Boss,0,0,0,0,0,3,0,0,0,0,0,0,0
Bottleblond Jewels</div>,0,0,0,0,0,3,0,0,0,0,0,0,0
Bouquetta,0,0,0,0,0,3,0,0,0,0,0,0,0
bow,0,0,0,0,0,3,0,0,0,0,0,0,0
Bowie X James</div>,0,0,0,0,0,3,0,0,0,0,0,0,0
Bows and Beaus</div>,0,0,0,0,0,3,0,0,0,0,0,0,0
Bows Arts</div>,0,0,0,0,0,3,0,0,0,0,0,0,0
Bowtique,0,0,0,0,0,3,0,0,0,0,0,0,0
boy+girl,0,0,0,0,0,3,0,0,0,0,0,0,0
Boys&Girls,0,0,0,0,0,3,0,0,0,0,0,0,0
Boy London,0,0,0,0,0,3,0,0,0,0,0,0,0
Braveling,0,0,0,0,0,3,0,0,0,0,0,0,0
Breganwood,0,0,0,0,0,3,0,0,0,0,0,0,0
Briati</div>,0,0,0,0,0,3,0,0,0,0,0,0,0
Britt,0,0,0,0,0,3,0,0,0,0,0,0,0
Brooklyn Industries,0,0,0,0,0,3,0,0,0,0,0,0,0
Brti Chic Signature,0,0,0,0,0,3,0,0,0,0,0,0,0
Bryony and Co (CA),0,0,0,0,0,3,0,0,0,0,0,0,0
Buck & Cook,0,0,0,0,0,3,0,0,0,0,0,0,0
BuddingSTEM,0,0,0,0,0,3,0,0,0,0,0,0,0
Buho,0,0,0,0,0,3,0,0,0,0,0,0,0
Buisjes en Beugels BB+++,0,0,0,0,0,3,0,0,0,0,0,0,0
Bullabaloo (Bedding),1,0,0,0,0,3,0,0,0,0,0,0,0
Bundgaard,0,0,0,0,0,3,0,0,0,0,0,0,0
Bunk Junk</div>,0,0,0,0,0,3,0,0,0,0,0,0,0
Bunny &Hare</div>,0,0,0,0,0,3,0,0,0,0,0,0,0
Burberry,0,0,0,0,0,3,0,0,0,0,0,0,0
Burts Bees,0,0,0,0,0,3,0,0,0,0,0,0,0
Busy Bees,0,0,0,0,0,3,0,0,0,0,0,0,0
Butter Super Soft,0,0,0,0,0,3,0,0,0,0,0,0,0
Butterflies and Zebras,0,0,0,0,0,3,0,0,0,0,0,0,0
Butterscotch Kidz,0,0,0,0,0,3,0,0,0,0,0,0,0
buube,0,0,0,0,0,3,0,0,0,0,0,0,0
C & C California,0,0,0,0,0,3,0,0,0,0,0,0,0
Cabana Life,0,0,0,0,0,3,0,0,0,0,0,0,0
Cacharel,0,0,0,0,0,3,0,0,0,0,0,0,0
Cachcach,0,0,0,0,0,3,0,0,0,0,0,0,0
Cadet Seven,0,0,0,0,0,3,0,0,0,0,0,0,0
Caffe d'Orzo,0,0,0,0,0,3,0,0,0,0,0,0,0
CakeWalk,0,0,0,0,0,3,0,0,0,0,0,0,0
Californian Vintage</div>,0,0,0,0,0,3,0,0,0,0,0,0,0
Calla Collection USA</div>,0,0,0,0,0,3,0,0,0,0,0,0,0
cam cam copenhagen,0,0,0,0,0,3,0,0,0,0,0,0,0
Camper Kids,0,0,0,0,0,3,0,0,0,0,0,0,0
Canada Goose,0,0,0,0,0,3,0,0,0,0,0,0,0
Candy Pink,0,0,0,0,0,3,0,0,0,0,0,0,0
Caramel Au Sucre</div>,0,0,0,0,0,3,0,0,0,0,0,0,0
Caramel Baby & Child,0,0,0,0,0,3,0,0,0,0,0,0,0
Carbon Soldier,0,0,0,0,0,3,0,0,0,0,0,0,0
Carbone,0,0,0,0,0,3,0,0,0,0,0,0,0
Carite,0,0,0,0,0,3,0,0,0,0,0,0,0
carlie grace,0,0,0,0,0,3,0,0,0,0,0,0,0
Carlijn,0,0,0,0,0,3,0,0,0,0,0,0,0
carlomagno,0,0,0,0,0,3,0,0,0,0,0,0,0
Carmen Tabener,0,0,0,0,0,3,0,0,0,0,0,0,0
Caroline Bosmans,0,0,0,0,0,3,0,0,0,0,0,0,0
Carrement Beau,0,0,0,0,0,3,0,0,0,0,0,0,0
casilda y jimena,0,0,0,0,0,3,0,0,0,0,0,0,0
Cataleya,0,0,0,0,0,3,0,0,0,0,0,0,0
Caterbury of NZ,0,0,0,0,0,3,0,0,0,0,0,0,0
Catimini ,0,0,0,0,0,3,0,0,0,0,0,0,0
Cavalier,0,0,0,0,0,3,0,0,0,0,0,0,0
CeCeCo,0,0,0,0,0,3,0,0,0,0,0,0,0
CeLaVi,0,0,0,0,0,3,0,0,0,0,0,0,0
Chaboukie,0,0,0,0,0,3,0,0,0,0,0,0,0
Chach Beachwear</div>,0,0,0,0,0,3,0,0,0,0,0,0,0
chakra design studio,0,0,0,0,0,3,0,0,0,0,0,0,0
Chalk of the Town</div>,0,0,0,0,0,3,0,0,0,0,0,0,0
Chandamama,0,1,1,-1,-1,1,1,1,-1,-1,1,-1,-1
Chantique&#039;s Corp.</div>,0,0,0,0,0,3,0,0,0,0,0,0,0
Charabia,-1,-1,1,0,0,3,0,0,0,0,0,0,0
Charlie and Gus,-1,-1,1,1,-1,3,0,0,0,0,0,0,0
charm,0,0,0,0,0,3,0,0,0,0,0,0,0
Chaser Kids,-1,1,1,0,0,3,0,0,0,0,0,0,0
Chasing Fireflies,-1,1,1,0,0,3,0,0,0,0,0,0,0
Cheeky Banana,-1,-1,1,0,0,3,0,0,0,0,0,0,0
Cheeky Little Soles,-1,1,1,0,0,3,0,0,0,0,0,0,0
Cheeky Plum,-1,-1,1,0,0,3,0,0,0,0,0,0,0
Cheeky Rascal</div>,0,0,0,0,0,3,0,0,0,0,0,0,0
Cherie,1,0,0,0,0,3,0,0,0,0,0,0,0
Cheryl Creations Kids</div>,0,0,0,0,0,3,0,0,0,0,0,0,0
Chi Khi,-1,1,1,0,0,3,0,0,0,0,0,0,0
Children of the Tribe,-1,1,1,0,0,3,0,0,0,0,0,0,0
Children's Co.,0,1,1,0,0,3,0,0,0,0,0,0,0
childrenchic,-1,1,1,0,0,3,0,0,0,0,0,0,0
Chipie,-1,-1,1,0,0,3,0,0,0,0,0,0,0
Chloe,-1,1,1,0,0,3,0,0,0,0,0,0,0
Chloe K</div>,0,0,0,0,0,3,0,0,0,0,0,0,0
choco.el,0,0,0,0,0,3,0,0,0,0,0,0,0
chocolatesoup,0,0,0,0,0,3,0,0,0,0,0,0,0
chocolette,0,0,0,0,0,3,0,0,0,0,0,0,0
Chooze Shoes,0,0,0,0,0,3,0,0,0,0,0,0,0
Choupette</div>,0,0,0,0,0,3,0,0,0,0,0,0,0
Christie Helene Children's Formal Wear</div>,0,0,0,0,0,3,0,0,0,0,0,0,0
Christina Rohde,0,0,0,0,0,3,0,0,0,0,0,0,0
Christine Clarke Fashion Collections</div>,0,0,0,0,0,3,0,0,0,0,0,0,0
Chua,0,1,1,-1,-1,3,0,0,0,0,0,0,0
ciao bimba,0,0,0,0,0,3,0,0,0,0,0,0,0
Cienta,0,0,0,0,0,3,0,0,0,0,0,0,0
Cienta</div>,0,0,0,0,0,3,0,0,0,0,0,0,0
Cigit Kids,0,1,1,0,-1,3,0,0,0,0,0,0,0
city goats,0,0,0,0,0,3,0,0,0,0,0,0,0
City Threads,0,0,0,0,0,3,0,0,0,0,0,0,0
Civiliants,0,0,0,0,0,3,0,0,0,0,0,0,0
Claesen's,0,0,0,0,0,3,0,0,0,0,0,0,0
Claire & Charlie</div>,0,0,0,0,0,3,0,0,0,0,0,0,0
clarechen,0,0,0,0,0,3,0,0,0,0,0,0,0
CLimbing Trees,0,0,0,0,0,3,0,0,0,0,0,0,0
clo&tilde,0,0,0,0,0,3,0,0,0,0,0,0,0
Clonhadas,0,0,0,0,0,3,0,0,0,0,0,0,0
CME by Marie Chantele,0,0,0,0,0,3,0,0,0,0,0,0,0
Coccoli,0,0,0,0,0,3,0,0,0,0,0,0,0
Coco Blanc,0,0,0,0,0,3,0,0,0,0,0,0,0
Coco Collection,0,1,1,0,-1,3,0,0,0,0,0,0,0
coco moon,0,0,0,0,0,3,0,0,0,0,0,0,0
Cocoa Baby,0,0,0,0,0,3,0,0,0,0,0,0,0
Cofucu Baby,0,0,0,0,0,3,0,0,0,0,0,0,0
Colette Kids,0,0,0,0,0,3,0,0,0,0,0,0,0
Colmar (Outerwear),0,0,0,0,0,3,0,0,0,0,0,0,0
Colored Organics,0,0,0,0,0,3,0,0,0,0,0,0,0
Colorfly</div>,0,0,0,0,0,3,0,0,0,0,0,0,0
Company,0,0,0,0,0,3,0,0,0,0,0,0,0
Complot Mini,0,0,0,0,0,3,0,0,0,0,0,0,0
concocon,0,0,0,0,0,3,0,0,0,0,0,0,0
Condor</div>,0,0,0,0,0,3,0,0,0,0,0,0,0
Confetti &Friends,0,0,0,0,0,3,0,0,0,0,0,0,0
Confetti and Friends,0,0,0,0,0,3,0,0,0,0,0,0,0
Conguitos,0,-1,1,0,-1,3,0,0,0,0,0,0,0
Conifere,0,0,0,0,0,3,0,0,0,0,0,0,0
ConRad Basics</div>,0,0,0,0,0,3,0,0,0,0,0,0,0
Consulate General of Brazil</div>,0,0,0,0,0,3,0,0,0,0,0,0,0
Converse,0,0,0,0,0,3,0,0,0,0,0,0,0
Coobie Baby,0,1,1,0,-1,3,0,0,0,0,0,0,0
Copper Pearl,0,0,0,0,0,3,0,0,0,0,0,0,0
Copper Pearl</div>,0,0,0,0,0,3,0,0,0,0,0,0,0
Coquelicot,0,0,0,0,0,3,0,0,0,0,0,0,0
Corby TIndersticks,0,0,0,0,0,3,0,0,0,0,0,0,0
Coton PomPom</div>,0,0,0,0,0,3,0,0,0,0,0,0,0
CPC Childrenswear</div>,0,0,0,0,0,3,0,0,0,0,0,0,0
Craghoppers,0,0,0,0,0,3,0,0,0,0,0,0,0
Creamie,0,0,0,0,0,3,0,0,0,0,0,0,0
crème chantilly,0,0,0,0,0,3,0,0,0,0,0,0,0
Crew and Lu,0,0,0,0,0,3,0,0,0,0,0,0,0
Crewcuts,0,0,0,0,0,3,0,0,0,0,0,0,0
crewkids ny,0,0,0,0,0,3,0,0,0,0,0,0,0
Cruz Kids</div>,0,0,0,0,0,3,0,0,0,0,0,0,0
CTH Mini,0,0,0,0,0,3,0,0,0,0,0,0,0
CU Lights,0,0,0,0,0,3,0,0,0,0,0,0,0
Cucile Baby,0,1,1,0,-1,3,0,0,0,0,0,0,0
Cupcakes and Pastries,0,0,0,0,0,3,0,0,0,0,0,0,0
Curious Wonderland,0,0,0,0,0,3,0,0,0,0,0,0,0
"Curly Girls, Inc.</div>",0,0,0,0,0,3,0,0,0,0,0,0,0
curumi,0,0,0,0,0,3,0,0,0,0,0,0,0
Cyber Jammies,0,0,0,0,0,3,0,0,0,0,0,0,0
Cyrillus,0,0,0,0,0,3,0,0,0,0,0,0,0
Czesiociuch,0,0,0,0,0,3,0,0,0,0,0,0,0
D.fesense,0,0,0,0,0,3,0,0,0,0,0,0,0
Dabbawalla Bags,0,0,0,0,0,3,0,0,0,0,0,0,0
Dagmar Daley,0,0,0,0,0,3,0,0,0,0,0,0,0
Daisy & Blu</div>,0,0,0,0,0,3,0,0,0,0,0,0,0
Dani,0,0,0,0,0,3,0,0,0,0,0,0,0
Dandy Star,0,0,0,0,0,3,0,0,0,0,0,0,0
Danefae,0,0,0,0,0,3,0,0,0,0,0,0,0
Darcy Brown,0,0,0,0,0,3,0,0,0,0,0,0,0
David Charles Childrenswear,0,0,0,0,0,3,0,0,0,0,0,0,0
David Oliver</div>,0,0,0,0,0,3,0,0,0,0,0,0,0
dbb ideas,0,0,0,0,0,3,0,0,0,0,0,0,0
De Nachos,0,0,0,0,0,3,0,0,0,0,0,0,0
Debenhams,0,0,0,0,0,3,0,0,0,0,0,0,0
december made,0,0,0,0,0,3,0,0,0,0,0,0,0
decorate,0,0,0,0,0,3,0,0,0,0,0,0,0
Dehry Kids,0,0,0,0,0,3,0,0,0,0,0,0,0
delieb,0,0,0,0,0,3,0,0,0,0,0,0,0
Delta June Designs</div>,0,0,0,0,0,3,0,0,0,0,0,0,0
Dennise Marie Showroom</div>,0,0,0,0,0,3,0,0,0,0,0,0,0
Design History</div>,0,0,0,0,0,3,0,0,0,0,0,0,0
Designer Kidz Melbourne</div>,0,0,0,0,0,3,0,0,0,0,0,0,0
Desigual,0,0,0,0,0,3,0,0,0,0,0,0,0
Details,0,0,0,0,0,3,0,0,0,0,0,0,0
Deux pa Deux,0,0,0,0,0,3,0,0,0,0,0,0,0
devon’s drawer,0,0,0,0,0,3,0,0,0,0,0,0,0
Diadora,0,0,0,0,0,3,0,0,0,0,0,0,0
Diapers and Milk,0,0,0,0,0,3,0,0,0,0,0,0,0
Didriksons,0,0,0,0,0,3,0,0,0,0,0,0,0
Diesel Kids,0,0,0,0,0,3,0,0,0,0,0,0,0
Dijjie,0,0,0,0,0,3,0,0,0,0,0,0,0
DiLascia,0,0,0,0,0,3,0,0,0,0,0,0,0
Dimensione Danza,0,0,0,0,0,3,0,0,0,0,0,0,0
Dinui,0,0,0,0,0,3,0,0,0,0,0,0,0
Disney by Tutu Couture</div>,0,0,0,0,0,3,0,0,0,0,0,0,0
DKNY,0,0,0,0,0,3,0,0,0,0,0,0,0
DL1961 Premium Denim,0,0,0,0,0,3,0,0,0,0,0,0,0
Doe a Dear,0,0,0,0,0,3,0,0,0,0,0,0,0
Dogwood,0,0,0,0,0,3,0,0,0,0,0,0,0
Dolce and Gabbana Jr,0,0,0,0,0,3,0,0,0,0,0,0,0
Dolce Goccia,0,0,0,0,0,3,0,0,0,0,0,0,0
Dolls and Divas Couture</div>,0,0,0,0,0,3,0,0,0,0,0,0,0
Dolly by Le Petit Tom,0,0,0,0,0,3,0,0,0,0,0,0,0
Dondolo</div>,0,0,0,0,0,3,0,0,0,0,0,0,0
Dondup,0,0,0,0,0,3,0,0,0,0,0,0,0
Donsje,0,0,0,0,0,3,0,0,0,0,0,0,0
dooboo,0,0,0,0,0,3,0,0,0,0,0,0,0
doodle do,0,0,0,0,0,3,0,0,0,0,0,0,0
Dori Creations,0,0,0,0,0,3,0,0,0,0,0,0,0
Dorian Gray,0,0,0,0,0,3,0,0,0,0,0,0,0
Dorissa Girl</div>,0,0,0,0,0,3,0,0,0,0,0,0,0
Dot & Line</div>,0,0,0,0,0,3,0,0,0,0,0,0,0
DOT Baby,0,1,1,0,0,3,0,0,0,0,0,0,0
dott child,0,0,0,0,0,3,0,0,0,0,0,0,0
Dotty Dungarees,0,1,1,0,-1,3,0,0,0,0,0,0,0
Douglas Company</div>,0,0,0,0,0,3,0,0,0,0,0,0,0
Douuod,0,0,0,0,0,3,0,0,0,0,0,0,0
Dr. Kid,0,1,1,-1,-1,3,0,0,0,0,0,0,0
Dreamers,0,0,0,0,0,3,0,0,0,0,0,0,0
Dress Like Flo,0,0,0,0,0,3,0,0,0,0,0,0,0
dribble,0,0,0,0,0,3,0,0,0,0,0,0,0
Dsquared,0,0,0,0,0,3,0,0,0,0,0,0,0
Du Pareil au meme,0,0,0,0,0,3,0,0,0,0,0,0,0
DUNS Sweden,0,0,0,0,0,3,0,0,0,0,0,0,0
Duo Showroom</div>,0,0,0,0,0,3,0,0,0,0,0,0,0
dyo ministyling,0,0,0,0,0,3,0,0,0,0,0,0,0
e & t,0,0,0,0,0,3,0,0,0,0,0,0,0
E Land,0,0,0,0,0,3,0,0,0,0,0,0,0
EAN 13,0,0,0,0,0,3,0,0,0,0,0,0,0
Earlydays,0,0,0,0,0,3,0,0,0,0,0,0,0
EAST END HIGHLANDERS,0,0,0,0,0,3,0,0,0,0,0,0,0
Easy Peasy,0,0,0,0,0,3,0,0,0,0,0,0,0
Ebbe Kids,0,0,0,0,0,3,0,0,0,0,0,0,0
Eddie Pen,0,0,0,0,0,3,0,0,0,0,0,0,0
Eddy & Scout,0,0,0,0,0,3,0,0,0,0,0,0,0
eeni meeni miini moh,0,0,0,0,0,3,0,0,0,0,0,0,0
EFL Kids</div>,0,0,0,0,0,3,0,0,0,0,0,0,0
EFVVA,0,0,0,0,0,3,0,0,0,0,0,0,0
Egg by Susan Lazar,0,0,0,0,0,3,0,0,0,0,0,0,0
El Taller de la Abuela,0,1,1,-1,-1,3,0,0,0,0,0,0,0
Electrik Kids,0,0,0,0,0,3,0,0,0,0,0,0,0
Elegant Baby,0,0,0,0,0,3,0,0,0,0,0,0,0
Elephantito,0,0,0,0,0,3,0,0,0,0,0,0,0
Elfie ,0,0,0,0,0,3,0,0,0,0,0,0,0
Elisa B</div>,0,0,0,0,0,3,0,0,0,0,0,0,0
Elizabeth Cate,0,0,0,0,0,3,0,0,0,0,0,0,0
Elizabeth Hurley Beach</div>,0,0,0,0,0,3,0,0,0,0,0,0,0
Ella and Otto,0,0,0,0,0,3,0,0,0,0,0,0,0
Ella Moss Girls,0,0,0,0,0,3,0,0,0,0,0,0,0
Elodie,0,0,0,0,0,3,0,0,0,0,0,0,0
Elodie and Elvis,0,0,0,0,0,3,0,0,0,0,0,0,0
Elodie Details</div>,0,0,0,0,0,3,0,0,0,0,0,0,0
Elonka Nichole,0,0,0,0,0,3,0,0,0,0,0,0,0
elsy,0,0,0,0,0,3,0,0,0,0,0,0,0
EMC</div>,0,0,0,0,0,3,0,0,0,0,0,0,0
Emile et Ida,0,0,0,0,0,3,0,0,0,0,0,0,0
Emile et Rose,0,0,0,0,0,3,0,0,0,0,0,0,0
Emma Levine,0,0,0,0,0,3,0,0,0,0,0,0,0
"EMMA OCH MALENA
",0,0,0,0,0,3,0,0,0,0,0,0,0
Emu Australia,0,0,0,0,0,3,0,0,0,0,0,0,0
En Fant,0,0,0,0,0,3,0,0,0,0,0,0,0
Enchanted Enfant,0,0,0,0,0,3,0,0,0,0,0,0,0
Enerfie Jeans,0,0,0,0,0,3,0,0,0,0,0,0,0
eNV Denim,0,0,0,0,0,3,0,0,0,0,0,0,0
Erge</div>,0,0,0,0,0,3,0,0,0,0,0,0,0
ErgoPouch,0,0,0,0,0,3,0,0,0,0,0,0,0
es +es,0,0,0,0,0,3,0,0,0,0,0,0,0
Esme Clothing for Girls & Boys (PJS),0,0,0,0,0,3,0,0,0,0,0,0,0
"essence, olive",0,0,0,0,0,3,0,0,0,0,0,0,0
Estella,0,0,0,0,0,3,0,0,0,0,0,0,0
Eternal Creation,0,0,0,0,0,3,0,0,0,0,0,0,0
Etiket (SAME as GOLD),0,0,0,0,0,3,0,0,0,0,0,0,0
ette tete ,0,0,0,0,0,3,0,0,0,0,0,0,0
Euroclub Collection,0,0,0,0,0,3,0,0,0,0,0,0,0
Eva Koshka Paris,0,0,0,0,0,3,0,0,0,0,0,0,0
eve jnr,0,0,0,0,0,3,0,0,0,0,0,0,0
everbloom,0,0,0,0,0,3,0,0,0,0,0,0,0
Evisu Kids,0,0,0,0,0,3,0,0,0,0,0,0,0
Ewers (Socks),0,0,0,0,0,3,0,0,0,0,0,0,0
eyeSpy Baby,0,0,0,0,0,3,0,0,0,0,0,0,0
f.o.u,0,0,0,0,0,3,0,0,0,0,0,0,0
Fabric Flavours,0,0,0,0,0,3,0,0,0,0,0,0,0
Falc USA (Shoes),0,0,0,0,0,3,0,0,0,0,0,0,0
FALCOTTO ,0,0,0,0,0,3,0,0,0,0,0,0,0
fanny & alexander (Toys),0,0,0,0,0,3,0,0,0,0,0,0,0
far east localmade (Socks),0,0,0,0,0,3,0,0,0,0,0,0,0
Fashion Angels</div>,0,0,0,0,0,3,0,0,0,0,0,0,0
FASHION COMICS,0,0,0,0,0,3,0,0,0,0,0,0,0
fasyua,0,0,0,0,0,3,0,0,0,0,0,0,0
Fay Jr,0,0,0,0,0,3,0,0,0,0,0,0,0
Fctry (Acessories),0,0,0,0,0,3,0,0,0,0,0,0,0
Feather Baby,0,0,0,0,0,3,0,0,0,0,0,0,0
Feather Drum,0,0,0,0,0,3,0,0,0,0,0,0,0
Feather4Arrow,0,0,0,0,0,3,0,0,0,0,0,0,0
Febs Italy</div>,0,0,0,0,0,3,0,0,0,0,0,0,0
Feiyue (shoes),0,0,0,0,0,3,0,0,0,0,0,0,0
Feltman Brothers,0,0,0,0,0,3,0,0,0,0,0,0,0
Fendi Kids,0,0,0,0,0,3,0,0,0,0,0,0,0
Ferrari Junior,0,0,0,0,0,3,0,0,0,0,0,0,0
Figis,0,1,1,-1,-1,3,0,0,0,0,0,0,0
Filemon Kids,0,0,0,0,0,3,0,0,0,0,0,0,0
Fin and Vince,0,0,0,0,0,3,0,0,0,0,0,0,0
Finger in the Nose,0,0,0,0,0,3,0,0,0,0,0,0,0
Finn and Emma,0,0,0,0,0,3,0,0,0,0,0,0,0
Fiorucci,0,0,0,0,0,3,0,0,0,0,0,0,0
Firehouse</div>,0,0,0,0,0,3,0,0,0,0,0,0,0
FIRSTS BY PETIT LEM</div>,0,0,0,0,0,3,0,0,0,0,0,0,0
Fish & Kids,0,0,0,0,0,3,0,0,0,0,0,0,0
Five Karats</div>,0,0,0,0,0,3,0,0,0,0,0,0,0
Five Loaves & Two Fishes,0,0,0,0,0,3,0,0,0,0,0,0,0
Flap Doodles,0,0,0,0,0,3,0,0,0,0,0,0,0
Flap Happy (Acessories),0,0,0,0,0,3,0,0,0,0,0,0,0
Floatmini,0,0,0,0,0,3,0,0,0,0,0,0,0
Florence Eiseman,0,0,0,0,0,3,0,0,0,0,0,0,0
Florence Fancy,0,0,0,0,0,3,0,0,0,0,0,0,0
Floriane,0,0,0,0,0,3,0,0,0,0,0,0,0
Flow Society,0,0,0,0,0,3,0,0,0,0,0,0,0
Flowers by Zoe,0,0,0,0,0,3,0,0,0,0,0,0,0
Flying Colors Baby (3rd Party retail),0,0,0,0,0,3,0,0,0,0,0,0,0
folk made,0,0,0,0,0,3,0,0,0,0,0,0,0
For All Seasons (3rd Party/Outwerwear),0,0,0,0,0,3,0,0,0,0,0,0,0
Fore Axel & Hudson,0,0,0,0,0,3,0,0,0,0,0,0,0
Fouger For Kids</div>,0,0,0,0,0,3,0,0,0,0,0,0,0
Fournier (Dolls),0,0,0,0,0,3,0,0,0,0,0,0,0
fov,0,0,0,0,0,3,0,0,0,0,0,0,0
Fox Kids Racing,0,0,0,0,0,3,0,0,0,0,0,0,0
framin (houseware product),0,0,0,0,0,3,0,0,0,0,0,0,0
Francoise Lama Solet,0,0,0,0,0,3,0,0,0,0,0,0,0
Frankie & Sue</div>,0,0,0,0,0,3,0,0,0,0,0,0,0
Frankie Morello,0,0,0,0,0,3,0,0,0,0,0,0,0
Franklin and Marshall,0,0,0,0,0,3,0,0,0,0,0,0,0
Frankygrow,0,0,0,0,0,3,0,0,0,0,0,0,0
Fraze</div>,0,0,0,0,0,3,0,0,0,0,0,0,0
Fred Perry,0,0,0,0,0,3,0,0,0,0,0,0,0
Fred's World by Green Cotton,0,1,1,0,0,3,0,0,0,0,0,0,0
Freedom Kids (3rd Party site),0,0,0,0,0,3,0,0,0,0,0,0,0
French Connection Kids,0,0,0,0,0,3,0,0,0,0,0,0,0
Frenchie Mini Couture</div>,0,0,0,0,0,3,0,0,0,0,0,0,0
Frenchy Yummy</div>,0,0,0,0,0,3,0,0,0,0,0,0,0
Freshly Picked,0,0,0,0,0,3,0,0,0,0,0,0,0
Freya Lillie,0,1,1,1,-1,3,0,0,0,0,0,0,0
Frilo Swissmade,0,0,0,0,0,3,0,0,0,0,0,0,0
FRNKY's,0,0,0,0,0,3,0,0,0,0,0,0,0
Frocks London,0,0,0,0,0,3,0,0,0,0,0,0,0
Froddo (Shoes),1,0,0,0,0,3,0,0,0,0,0,0,0
from anchovy,0,0,0,0,0,3,0,0,0,0,0,0,0
From Baby w/ Love,0,0,0,0,0,3,0,0,0,0,0,0,0
Frou Frou,0,0,0,0,0,3,0,0,0,0,0,0,0
Frugi,0,0,0,0,0,3,0,0,0,0,0,0,0
FRYE KIDS</div>,0,0,0,0,0,3,0,0,0,0,0,0,0
FUB,0,1,1,0,-1,3,0,0,0,0,0,0,0
Fun Strike,0,0,0,0,0,3,0,0,0,0,0,0,0
Fun&Fun,0,0,0,0,0,3,0,0,0,0,0,0,0
Funkoos,0,0,0,0,0,3,0,0,0,0,0,0,0
Funky Fitz,0,-1,1,0,0,3,0,0,0,0,0,0,0
Funtasia Too</div>,0,0,0,0,0,3,0,0,0,0,0,0,0
g.h.hurt & son (accessories),0,0,0,0,0,3,0,0,0,0,0,0,0
G.KERO,0,0,0,0,0,3,0,0,0,0,0,0,0
Gabriel Et Valentin,0,0,0,0,0,3,0,0,0,0,0,0,0
Galluci Shoes (SHoes),0,0,0,0,0,3,0,0,0,0,0,0,0
Gant/Pyramid Sportswear,0,0,0,0,0,3,0,0,0,0,0,0,0
Gardner and the Gang,0,0,0,0,0,3,0,0,0,0,0,0,0
Garvalin,0,0,0,0,0,3,0,0,0,0,0,0,0
Geggamoja,0,0,0,0,0,3,0,0,0,0,0,0,0
Geo Fox Apparel (Out of Business ,0,0,0,0,0,3,0,0,0,0,0,0,0
Geoffrey Beene by American Exchange Apparel</div>,0,0,0,0,0,3,0,0,0,0,0,0,0
Geox Kids (Shoes),0,0,0,0,0,3,0,0,0,0,0,0,0
GF Ferre,0,0,0,0,0,3,0,0,0,0,0,0,0
Giggle (Out of Business?),0,0,0,0,0,3,0,0,0,0,0,0,0
Giggle Moon Baby,0,0,0,0,0,3,0,0,0,0,0,0,0
Gigi & Co,0,0,0,0,0,3,0,0,0,0,0,0,0
Gigi Ri</div>,0,0,0,0,0,3,0,0,0,0,0,0,0
Girl Junk</div>,0,0,0,0,0,3,0,0,0,0,0,0,0
Girls Will Be,0,0,0,0,0,3,0,0,0,0,0,0,0
Gita Accessories</div>,0,0,0,0,0,3,0,0,0,0,0,0,0
Giuseppe Junior,0,0,0,0,0,3,0,0,0,0,0,0,0
Givenchy Kids,0,0,0,0,0,3,0,0,0,0,0,0,0
Gloverall (Jackets),0,0,0,0,0,3,0,0,0,0,0,0,0
Gnu Brand Boy</div>,0,0,0,0,0,3,0,0,0,0,0,0,0
Go Baby Go,0,0,0,0,0,3,0,0,0,0,0,0,0
Go Gently Baby,0,0,0,0,0,3,0,0,0,0,0,0,0
Go Soaky (Rainwear),1,0,0,0,0,3,0,0,0,0,0,0,0
Goat-Milk,0,0,0,0,0,3,0,0,0,0,0,0,0
godsend,0,0,0,0,0,3,0,0,0,0,0,0,0
Goganga,0,0,0,0,0,3,0,0,0,0,0,0,0
Gold,0,0,0,0,0,3,0,0,0,0,0,0,0
Googoo & Gaga,0,0,0,0,0,3,0,0,0,0,0,0,0
Gossip Girl/Hula Star</div>,0,0,0,0,0,3,0,0,0,0,0,0,0
Grace Baby And Child,0,0,0,0,0,3,0,0,0,0,0,0,0
Graci (Formal),0,0,0,0,0,3,0,0,0,0,0,0,0
Grant Garcos,0,0,0,0,0,3,0,0,0,0,0,0,0
Grass and Air (Outerwear),0,0,0,0,0,3,0,0,0,0,0,0,0
Gray Label ,0,0,0,0,0,3,0,0,0,0,0,0,0
Green Bean,0,0,0,0,0,3,0,0,0,0,0,0,0
Grey and Ray,0,0,0,0,0,3,0,0,0,0,0,0,0
gris (Out of Business),0,0,0,0,0,3,0,0,0,0,0,0,0
Grisino,0,0,0,0,0,3,0,0,0,0,0,0,0
Gro,0,0,0,0,0,3,0,0,0,0,0,0,0
Grubbies Denim,0,0,0,0,0,3,0,0,0,0,0,0,0
Guadalupe Design</div>,0,0,0,0,0,3,0,0,0,0,0,0,0
Guess,0,0,0,0,0,3,0,0,0,0,0,0,0
Gugguu,0,0,0,0,0,3,0,0,0,0,0,0,0
Gymp,0,0,0,0,0,3,0,0,0,0,0,0,0
Hackett London,0,0,0,0,0,3,0,0,0,0,0,0,0
hailey,0,0,0,0,0,3,0,0,0,0,0,0,0
Halabaloo,0,0,0,0,0,3,0,0,0,0,0,0,0
Halo Luxe,0,0,0,0,0,3,0,0,0,0,0,0,0
Halsey Kate</div>,0,0,0,0,0,3,0,0,0,0,0,0,0
Hampton Mermaid Company</div>,0,0,0,0,0,3,0,0,0,0,0,0,0
Handsome in Pink,0,0,0,0,0,3,0,0,0,0,0,0,0
Hanna Andersson,0,0,0,0,0,3,0,0,0,0,0,0,0
Hannah Banana,0,0,0,0,0,3,0,0,0,0,0,0,0
Happinz</div>,0,0,0,0,0,3,0,0,0,0,0,0,0
Happy Calegi,0,0,0,0,0,3,0,0,0,0,0,0,0
harlow jade,0,0,0,0,0,3,0,0,0,0,0,0,0
Harpa's Nest,0,0,0,0,0,3,0,0,0,0,0,0,0
Harper Kids,0,0,0,0,0,3,0,0,0,0,0,0,0
Hart Schaffner Marx</div>,0,0,0,0,0,3,0,0,0,0,0,0,0
Hartford,0,0,0,0,0,3,0,0,0,0,0,0,0
Hartstrings (Out of Business?),0,0,0,0,0,3,0,0,0,0,0,0,0
hat mustache ribbon,0,0,0,0,0,3,0,0,0,0,0,0,0
Hatch Showroom,1,0,0,0,0,3,0,0,0,0,0,0,0
Hatley,0,0,0,0,0,3,0,0,0,0,0,0,0
Haus of JR,0,0,0,0,0,3,0,0,0,0,0,0,0
Havianas ,0,0,0,0,0,3,0,0,0,0,0,0,0
Havoc and Denim,0,0,0,0,0,3,0,0,0,0,0,0,0
Hayden Los Angelas,0,0,0,0,0,3,0,0,0,0,0,0,0
HBB Industria Argentina,0,0,0,0,0,3,0,0,0,0,0,0,0
He and Her Label,0,0,0,0,0,3,0,0,0,0,0,0,0
Heart Me Jewelry</div>,0,0,0,0,0,3,0,0,0,0,0,0,0
hebe,0,0,0,0,0,3,0,0,0,0,0,0,0
HEELYS</div>,0,0,0,0,0,3,0,0,0,0,0,0,0
HEIDI KLEIN KIDS,0,0,0,0,0,3,0,0,0,0,0,0,0
heir kid,0,0,0,0,0,3,0,0,0,0,0,0,0
Helen Gordon,0,0,0,0,0,3,0,0,0,0,0,0,0
Hello Simone ,0,0,0,0,0,3,0,0,0,0,0,0,0
Helly Hansen,1,0,0,0,0,3,0,0,0,0,0,0,0
HENNY AND COCO</div>,1,0,0,0,0,3,0,0,0,0,0,0,0
Herno (Outerwear),1,0,0,0,0,3,0,0,0,0,0,0,0
Hickey by Hickey Freeman (Formal),0,0,0,0,0,3,0,0,0,0,0,0,0
Hide N Seek</div>,0,0,0,0,0,3,0,0,0,0,0,0,0
HiFuture,0,0,0,0,0,3,0,0,0,0,0,0,0
hilda.henri,0,0,0,0,0,3,0,0,0,0,0,0,0
Hilly Chrisp,0,0,0,0,0,3,0,0,0,0,0,0,0
Hippie Ya,0,0,0,0,0,3,0,0,0,0,0,0,0
Hitchhiker ,0,0,0,0,0,3,0,0,0,0,0,0,0
hively,0,0,0,0,0,3,0,0,0,0,0,0,0
Hogans Kids,0,0,0,0,0,3,0,0,0,0,0,0,0
Holicow Kids</div>,0,0,0,0,0,3,0,0,0,0,0,0,0
Holly & Beau (Outerwear),0,0,0,0,0,3,0,0,0,0,0,0,0
Holly Hastie (Formal),0,0,0,0,0,3,0,0,0,0,0,0,0
Hollyworld Apparel Group</div>,0,0,0,0,0,3,0,0,0,0,0,0,0
Hollyz,0,0,0,0,0,3,0,0,0,0,0,0,0
Honigman Kids,0,0,0,0,0,3,0,0,0,0,0,0,0
Hoonana,0,0,0,0,0,3,0,0,0,0,0,0,0
Hopsan,0,0,0,0,0,3,0,0,0,0,0,0,0
House of Jamie,0,0,0,0,0,3,0,0,0,0,0,0,0
HOW TO KISS A FROG,0,0,0,0,0,3,0,0,0,0,0,0,0
HUCKLEBONES,0,0,0,0,0,3,0,0,0,0,0,0,0
Hudson Kids,0,0,0,0,0,3,0,0,0,0,0,0,0
Huggee,0,0,0,0,0,3,0,0,0,0,0,0,0
Hugo Boss Kidswear,0,0,0,0,0,3,0,0,0,0,0,0,0
Hugo Loves Tiki,0,0,0,0,0,3,0,0,0,0,0,0,0
Hummel,0,0,0,0,0,3,0,0,0,0,0,0,0
Hundred Pieces,0,0,0,0,0,3,0,0,0,0,0,0,0
Hunter and Rose,0,0,0,0,0,3,0,0,0,0,0,0,0
Hurley Kids,0,0,0,0,0,3,0,0,0,0,0,0,0
Hust and Claire,0,0,0,0,0,3,0,0,0,0,0,0,0
Huxbaby,0,0,0,0,0,3,0,0,0,0,0,0,0
I dig denim,0,0,0,0,0,3,0,0,0,0,0,0,0
I Haven't the Foggiest,0,0,0,0,0,3,0,0,0,0,0,0,0
I Pinco Pallino,0,0,0,0,0,3,0,0,0,0,0,0,0
I Talk Too Much,0,0,0,0,0,3,0,0,0,0,0,0,0
Ice Cream Castles,0,0,0,0,0,3,0,0,0,0,0,0,0
Ice Iceberg Junior,0,0,0,0,0,3,0,0,0,0,0,0,0
Ida T(Out of Business?),0,0,0,0,0,3,0,0,0,0,0,0,0
Idol Mind</div>,0,0,0,0,0,3,0,0,0,0,0,0,0
Iglo + Indi,0,0,0,0,0,3,0,0,0,0,0,0,0
Igloo Island,0,0,0,0,0,3,0,0,0,0,0,0,0
Igor,0,0,0,0,0,3,0,0,0,0,0,0,0
IKKS (Koast),0,0,0,0,0,3,0,0,0,0,0,0,0
ikuji-kobo,0,0,0,0,0,3,0,0,0,0,0,0,0
Il Gufo,0,0,0,0,0,3,0,0,0,0,0,0,0
Ilene Oren Company,0,0,0,0,0,3,0,0,0,0,0,0,0
ili + charlie,0,0,0,0,0,3,0,0,0,0,0,0,0
Imagewear,0,0,0,0,0,3,0,0,0,0,0,0,0
imo imo kids,0,0,0,0,0,3,0,0,0,0,0,0,0
Imoga,0,0,0,0,0,3,0,0,0,0,0,0,0
Imps&Elfs,0,0,0,0,0,3,0,0,0,0,0,0,0
Incity Boys & Girls,0,0,0,0,0,3,0,0,0,0,0,0,0
Indee,0,0,0,0,0,3,0,0,0,0,0,0,0
Indi Kid,0,0,0,0,0,3,0,0,0,0,0,0,0
Indie Kid,0,0,0,0,0,3,0,0,0,0,0,0,0
Indikidual (UK),0,0,0,0,0,3,0,0,0,0,0,0,0
infantium victoria,0,0,0,0,0,3,0,0,0,0,0,0,0
Ingear Fashions (Licensor),0,0,0,0,0,3,0,0,0,0,0,0,0
Inplay SHowroom,1,0,0,0,0,3,0,0,0,0,0,0,0
Ipiccolini,0,0,0,0,0,3,0,0,0,0,0,0,0
Irene Oren & Co,0,0,0,0,0,3,0,0,0,0,0,0,0
irolier,0,0,0,0,0,3,0,0,0,0,0,0,0
Isabel Garreton</div>,1,0,0,0,0,3,0,0,0,0,0,0,0
Isabella Babywear,0,0,0,0,0,3,0,0,0,0,0,0,0
Iscream</div>,0,0,0,0,0,3,0,0,0,0,0,0,0
Isobella & Chloe,0,0,0,0,0,3,0,0,0,0,0,0,0
Isossy Children,0,0,0,0,0,3,0,0,0,0,0,0,0
itadakimasu,0,0,0,0,0,3,0,0,0,0,0,0,0
izipizi,0,0,0,0,0,3,0,0,0,0,0,0,0
J. Rosen Showroom</div>,1,0,0,0,0,3,0,0,0,0,0,0,0
Jacadi,0,0,0,0,0,3,0,0,0,0,0,0,0
Jack & Becky</div>,0,0,0,0,0,3,0,0,0,0,0,0,0
Jack and Nicole,0,0,0,0,0,3,0,0,0,0,0,0,0
Jak & Pepper,0,0,0,0,0,3,0,0,0,0,0,0,0
Jakabel (Swimwear),1,0,0,0,0,3,0,0,0,0,0,0,0
Jam Boutique,0,0,0,0,0,3,0,0,0,0,0,0,0
Jamie Rae Hats,0,0,0,0,0,3,0,0,0,0,0,0,0
Jax and Dean,0,0,0,0,0,3,0,0,0,0,0,0,0
Jax and Hedley,0,0,0,0,0,3,0,0,0,0,0,0,0
je porte mon bébé,0,0,0,0,0,3,0,0,0,0,0,0,0
Je Suis En CP (Out of Business?),0,0,0,0,0,3,0,0,0,0,0,0,0
Jeanbourget,0,0,0,0,0,3,0,0,0,0,0,0,0
Jefferies Socks</div>,0,0,0,0,0,3,0,0,0,0,0,0,0
Jessie+James,0,0,0,0,0,3,0,0,0,0,0,0,0
Jessy + Jack,0,0,0,0,0,3,0,0,0,0,0,0,0
Jewels & Gents</div> (Dance Studio?),0,0,0,0,0,3,0,0,0,0,0,0,0
Jigsaw Junior,0,0,0,0,0,3,0,0,0,0,0,0,0
Jill and Jack,1,0,0,0,0,3,0,0,0,0,0,0,0
JL Collections</div>,0,0,0,0,0,3,0,0,0,0,0,0,0
jnby by JNBY,0,0,0,0,0,3,0,0,0,0,0,0,0
Joah Love,0,0,0,0,0,3,0,0,0,0,0,0,0
Joan Calabrese for Mon Cheri</div>,0,0,0,0,0,3,0,0,0,0,0,0,0
Joe Palant Associates</div>,0,0,0,0,0,3,0,0,0,0,0,0,0
Joey Jelly Bean,0,0,0,0,0,3,0,0,0,0,0,0,0
Joha,0,0,0,0,0,3,0,0,0,0,0,0,0
John Galliano Kids,0,0,0,0,0,3,0,0,0,0,0,0,0
John Richmond Jr,0,0,0,0,0,3,0,0,0,0,0,0,0
JoJo Maman Bébé</div>,0,0,0,0,0,3,0,0,0,0,0,0,0
Jottum,0,0,0,0,0,3,0,0,0,0,0,0,0
Joules</div>,0,0,0,0,0,3,0,0,0,0,0,0,0
Jours apres Lunes,0,0,0,0,0,3,0,0,0,0,0,0,0
Joyfolie,0,0,0,0,0,3,0,0,0,0,0,0,0
JP Lizzy,0,0,0,0,0,3,0,0,0,0,0,0,0
Juicy Couture,0,0,0,0,0,3,0,0,0,0,0,0,0
JuJu & Jack</div>,0,0,0,0,0,3,0,0,0,0,0,0,0
JuJuBe Kids,0,0,0,0,0,3,0,0,0,0,0,0,0
Jujubong,0,0,0,0,0,3,0,0,0,0,0,0,0
Julian and Sara,0,0,0,0,0,3,0,0,0,0,0,0,0
Jumina,0,0,0,0,0,3,0,0,0,0,0,0,0
June & January,0,0,0,0,0,3,0,0,0,0,0,0,0
Junior Gaultier,0,0,0,0,0,3,0,0,0,0,0,0,0
Junior Lowe (BK Boutique?),0,0,0,0,0,3,0,0,0,0,0,0,0
Junior Mafia,0,0,0,0,0,3,0,0,0,0,0,0,0
Junkfood (Out of Business?),0,0,0,0,0,3,0,0,0,0,0,0,0
Jusbekid</div>,0,0,0,0,0,3,0,0,0,0,0,0,0
Just Braydz by Chaya (Hair Extentions),0,0,0,0,0,3,0,0,0,0,0,0,0
Just Lovely,0,0,0,0,0,3,0,0,0,0,0,0,0
Justice,0,0,0,0,0,3,0,0,0,0,0,0,0
k house clothing,0,0,0,0,0,3,0,0,0,0,0,0,0
k-way,0,0,0,0,0,3,0,0,0,0,0,0,0
Kaiya Eve,0,0,0,0,0,3,0,0,0,0,0,0,0
Kanz,0,0,0,0,0,3,0,0,0,0,0,0,0
Kapital K,0,0,0,0,0,3,0,0,0,0,0,0,0
kapow kids ,0,0,0,0,0,3,0,0,0,0,0,0,0
KARELA KIDS</div>,0,0,0,0,0,3,0,0,0,0,0,0,0
Karl Lagerfeld Kids,0,0,0,0,0,3,0,0,0,0,0,0,0
Kartoons Kataloons (Out of Business?),0,0,0,0,0,3,0,0,0,0,0,0,0
Kashka,0,0,0,0,0,3,0,0,0,0,0,0,0
Kate Mack (Same as Biscotti and Kate Mack),0,0,0,0,0,3,0,0,0,0,0,0,0
Kate Quinn Organics,0,0,0,0,0,3,0,0,0,0,0,0,0
Katvig,0,0,0,0,0,3,0,0,0,0,0,0,0
Kauli,0,0,0,0,0,3,0,0,0,0,0,0,0
Kavat,0,0,0,0,0,3,0,0,0,0,0,0,0
Keds Kids,0,0,0,0,0,3,0,0,0,0,0,0,0
Keedo,0,0,0,0,0,3,0,0,0,0,0,0,0
KENNETH COLE</div>,0,0,0,0,0,3,0,0,0,0,0,0,0
Kenzo,0,0,0,0,0,3,0,0,0,0,0,0,0
keora keora,0,0,0,0,0,3,0,0,0,0,0,0,0
KETIKETA,0,0,0,0,0,3,0,0,0,0,0,0,0
Ki-Pepeo Kids Clothing</div>,0,0,0,0,0,3,0,0,0,0,0,0,0
Kiccoly</div>,0,0,0,0,0,3,0,0,0,0,0,0,0
Kick by Alex and ALexa,1,0,0,0,0,3,0,0,0,0,0,0,0
Kickee Pants,0,0,0,0,0,3,0,0,0,0,0,0,0
Kid by 3.1 Phillip Lim,0,0,0,0,0,3,0,0,0,0,0,0,0
KidCuteTure,0,0,0,0,0,3,0,0,0,0,0,0,0
Kidding Around</div>,1,0,0,0,0,3,0,0,0,0,0,0,0
Kiddo / Love Daisy</div>,0,0,0,0,0,3,0,0,0,0,0,0,0
Kidiliz Group USA Inc</div>,0,0,0,0,0,3,0,0,0,0,0,0,0
Kidolphin,0,0,0,0,0,3,0,0,0,0,0,0,0
Kidorable (Outerwear),0,0,0,0,0,3,0,0,0,0,0,0,0
Kids Kapers</div>,0,0,0,0,0,3,0,0,0,0,0,0,0
Kids Organic Company,0,0,0,0,0,3,0,0,0,0,0,0,0
Kids The Frog,0,0,0,0,0,3,0,0,0,0,0,0,0
Kidscase,0,0,0,0,0,3,0,0,0,0,0,0,0
Kidultand,0,0,0,0,0,3,0,0,0,0,0,0,0
Kidz Entertainment</div>,0,0,0,0,0,3,0,0,0,0,0,0,0
Kidz-Art,0,0,0,0,0,3,0,0,0,0,0,0,0
kikü,0,0,0,0,0,3,0,0,0,0,0,0,0
Kiltos MoiMoi,0,0,0,0,0,3,0,0,0,0,0,0,0
kin,0,0,0,0,0,3,0,0,0,0,0,0,0
Kinderkids,0,0,0,0,0,3,0,0,0,0,0,0,0
Kinderkind</div>,0,0,0,0,0,3,0,0,0,0,0,0,0
kipp,0,0,0,0,0,3,0,0,0,0,0,0,0
kippens,0,0,0,0,0,3,0,0,0,0,0,0,0
Kissy Kissy,0,0,0,0,0,3,0,0,0,0,0,0,0
Kite Kids,0,0,0,0,0,3,0,0,0,0,0,0,0
Kitipongo,0,0,0,0,0,3,0,0,0,0,0,0,0
KLIN</div>,0,0,0,0,0,3,0,0,0,0,0,0,0
Knit Planet,0,0,0,0,0,3,0,0,0,0,0,0,0
Knot Genie</div>,0,0,0,0,0,3,0,0,0,0,0,0,0
knot hairbands,0,0,0,0,0,3,0,0,0,0,0,0,0
kokacharm,0,0,0,0,0,3,0,0,0,0,0,0,0
konges sløjd,0,0,0,0,0,3,0,0,0,0,0,0,0
Koolabah,0,0,0,0,0,3,0,0,0,0,0,0,0
Kozie,0,0,0,0,0,3,0,0,0,0,0,0,0
Krio+Color</div>,0,0,0,0,0,3,0,0,0,0,0,0,0
Krome Kids,0,0,0,0,0,3,0,0,0,0,0,0,0
KRUTTER,0,0,0,0,0,3,0,0,0,0,0,0,0
Kyte Baby,0,0,0,0,0,3,0,0,0,0,0,0,0
L'asticot ,0,0,0,0,0,3,0,0,0,0,0,0,0
"L'Officiel Enfant, Inc</div> (Publication)",1,0,0,0,0,3,0,0,0,0,0,0,0
L'ovedbaby,0,0,0,0,0,3,0,0,0,0,0,0,0
L'Pety Canar (Formal),1,0,0,0,0,3,0,0,0,0,0,0,0
La Loi Leggings,0,0,0,0,0,3,0,0,0,0,0,0,0
LA Made Kids</div>,0,0,0,0,0,3,0,0,0,0,0,0,0
la petite collection,0,0,0,0,0,3,0,0,0,0,0,0,0
La Petite Francaise,0,0,0,0,0,3,0,0,0,0,0,0,0
Lacoste,0,0,0,0,0,3,0,0,0,0,0,0,0
Lacoste Kids,0,0,0,0,0,3,0,0,0,0,0,0,0
Ladida (Boutique),0,0,0,0,0,3,0,0,0,0,0,0,0
ladybug kids,0,0,0,0,0,3,0,0,0,0,0,0,0
laladress,0,0,0,0,0,3,0,0,0,0,0,0,0
lalatz,0,0,0,0,0,3,0,0,0,0,0,0,0
lali,0,0,0,0,0,3,0,0,0,0,0,0,0
Lamantine,0,0,0,0,0,3,0,0,0,0,0,0,0
Lapin and Me (Dolls),0,0,0,0,0,3,0,0,0,0,0,0,0
Lapin House,0,0,0,0,0,3,0,0,0,0,0,0,0
Laranjinha,0,0,0,0,0,3,0,0,0,0,0,0,0
lässig,0,0,0,0,0,3,0,0,0,0,0,0,0
latte e biscotti,0,0,0,0,0,3,0,0,0,0,0,0,0
Laura Bell Treasures,0,0,0,0,0,3,0,0,0,0,0,0,0
Lauren Ralph Lauren</div>,0,0,0,0,0,3,0,0,0,0,0,0,0
Lazy Baby,0,0,0,0,0,3,0,0,0,0,0,0,0
Lazy Francis,0,0,0,0,0,3,0,0,0,0,0,0,0
Lazy Pants</div>,0,0,0,0,0,3,0,0,0,0,0,0,0
LC Collections Ltd (Showroom),1,0,0,0,0,3,0,0,0,0,0,0,0
LCEE,0,0,0,0,0,3,0,0,0,0,0,0,0
Le Big</div>,0,0,0,0,0,3,0,0,0,0,0,0,0
LE CLUB ORIGINAL</div>,0,0,0,0,0,3,0,0,0,0,0,0,0
le petit lucas du tertre,0,0,0,0,0,3,0,0,0,0,0,0,0
Le Petit Organic,0,0,0,0,0,3,0,0,0,0,0,0,0
Le Top Bebe</div>,0,0,0,0,0,3,0,0,0,0,0,0,0
Le Top</div>,0,0,0,0,0,3,0,0,0,0,0,0,0
leader bag co,0,0,0,0,0,3,0,0,0,0,0,0,0
leapepe,0,0,0,0,0,3,0,0,0,0,0,0,0
Leaping Lizards,0,0,0,0,0,3,0,0,0,0,0,0,0
LeChic,0,0,0,0,0,3,0,0,0,0,0,0,0
Lelli Kelly,0,0,0,0,0,3,0,0,0,0,0,0,0
Lem Lem,0,0,0,0,0,3,0,0,0,0,0,0,0
Lemon Loves Layette,0,0,0,0,0,3,0,0,0,0,0,0,0
Lemon Loves Lime,0,0,0,0,0,3,0,0,0,0,0,0,0
Lemoniez,0,0,0,0,0,3,0,0,0,0,0,0,0
Lennon + Wolfe,0,0,0,0,0,3,0,0,0,0,0,0,0
Leny Tomy Factory,0,0,0,0,0,3,0,0,0,0,0,0,0
Leo and Zachary,0,0,0,0,0,3,0,0,0,0,0,0,0
Leoca Paris,0,0,0,0,0,3,0,0,0,0,0,0,0
Leopold & Livia ,0,0,0,0,0,3,0,0,0,0,0,0,0
Les Coyotes De Paris,0,0,0,0,0,3,0,0,0,0,0,0,0
Les Enfantines,0,0,0,0,0,3,0,0,0,0,0,0,0
les lutins,0,0,0,0,0,3,0,0,0,0,0,0,0
les petites choses...,0,0,0,0,0,3,0,0,0,0,0,0,0
Les Petits Carreaux,0,0,0,0,0,3,0,0,0,0,0,0,0
Les Petits Chapelais (Store),0,0,0,0,0,3,0,0,0,0,0,0,0
les petits vagabonds,0,0,0,0,0,3,0,0,0,0,0,0,0
Les Tout Petits,0,0,0,0,0,3,0,0,0,0,0,0,0
Lesy,0,0,0,0,0,3,0,0,0,0,0,0,0
Letter Baby</div>,0,0,0,0,0,3,0,0,0,0,0,0,0
Level 2,0,0,0,0,0,3,0,0,0,0,0,0,0
Levis,0,0,0,0,0,3,0,0,0,0,0,0,0
lewis,0,0,0,0,0,3,0,0,0,0,0,0,0
LIHO,0,0,0,0,0,3,0,0,0,0,0,0,0
Lil Darlings(Uniforms),0,0,0,0,0,3,0,0,0,0,0,0,0
Lil Leggs</div>,0,0,0,0,0,3,0,0,0,0,0,0,0
lil lemons for love and lemons,0,0,0,0,0,3,0,0,0,0,0,0,0
lil pyar,0,0,0,0,0,3,0,0,0,0,0,0,0
Lilax Kids</div>,0,0,0,0,0,3,0,0,0,0,0,0,0
Lili Collection,0,0,0,0,0,3,0,0,0,0,0,0,0
Lili Gaufrette,0,0,0,0,0,3,0,0,0,0,0,0,0
Lilies & Roses NY</div>,0,0,0,0,0,3,0,0,0,0,0,0,0
Lillielam,0,0,0,0,0,3,0,0,0,0,0,0,0
Lilly and Sid,0,0,0,0,0,3,0,0,0,0,0,0,0
LILLY ET LOUIS,0,0,0,0,0,3,0,0,0,0,0,0,0
Lily Pulitzer,0,0,0,0,0,3,0,0,0,0,0,0,0
Limeapple</div>,0,0,0,0,0,3,0,0,0,0,0,0,0
Lindomono Kids</div>,0,0,0,0,0,3,0,0,0,0,0,0,0
Lindsay's Loft (Store),1,0,0,0,0,3,0,0,0,0,0,0,0
Lindsey Berns,0,0,0,0,0,3,0,0,0,0,0,0,0
Linn,0,0,0,0,0,3,0,0,0,0,0,0,0
Lisa Rella (Outerwear),0,0,0,0,0,3,0,0,0,0,0,0,0
Little & Lively,0,0,0,0,0,3,0,0,0,0,0,0,0
Little Blue Lamb,0,0,0,0,0,3,0,0,0,0,0,0,0
Little Bow and Arrow,0,0,0,0,0,3,0,0,0,0,0,0,0
Little Champions (Acessories),0,1,1,0,-1,3,0,0,0,0,0,0,0
Little Concept (3rd Party Site),0,0,0,0,0,3,0,0,0,0,0,0,0
Little Creative Factory,0,0,0,0,0,3,0,0,0,0,0,0,0
Little Darlings,0,0,0,0,0,3,0,0,0,0,0,0,0
Little Edge Apparel,0,0,0,0,0,3,0,0,0,0,0,0,0
Little Eleven Paris,0,0,0,0,0,3,0,0,0,0,0,0,0
Little Giraffe</div>,0,0,0,0,0,3,0,0,0,0,0,0,0
little goodall,0,0,0,0,0,3,0,0,0,0,0,0,0
Little Green Radicals,0,0,0,0,0,3,0,0,0,0,0,0,0
Little Green</div>,0,0,0,0,0,3,0,0,0,0,0,0,0
Little Linens,0,0,0,0,0,3,0,0,0,0,0,0,0
Little Lizards,0,0,0,0,0,3,0,0,0,0,0,0,0
Little Man Happy,0,0,0,0,0,3,0,0,0,0,0,0,0
Little Marc Jacobs,0,0,0,0,0,3,0,0,0,0,0,0,0
Little Mass,0,0,0,0,0,3,0,0,0,0,0,0,0
Little Maven by Tori Spelling (Out of Business?),0,0,0,0,0,3,0,0,0,0,0,0,0
Little Me</div>,0,0,0,0,0,3,0,0,0,0,0,0,0
Little Miss Galia (Maybe out of Business),0,0,0,0,0,3,0,0,0,0,0,0,0
Little Miss Twin Stars (Jewlery),0,0,0,0,0,3,0,0,0,0,0,0,0
Little Miss Zoe (Jewlery),0,0,0,0,0,3,0,0,0,0,0,0,0
Little Moonjumper,0,0,0,0,0,3,0,0,0,0,0,0,0
Little Mouse,0,0,0,0,0,3,0,0,0,0,0,0,0
Little Ones ,0,0,0,0,0,3,0,0,0,0,0,0,0
Little Paul & Joe,0,0,0,0,0,3,0,0,0,0,0,0,0
Little Peixoto (Almost All Swimwear),0,0,0,0,0,3,0,0,0,0,0,0,0
Little People Designs,0,0,0,0,0,3,0,0,0,0,0,0,0
Little Pieces,0,0,0,0,0,3,0,0,0,0,0,0,0
Little Rails</div>,0,0,0,0,0,3,0,0,0,0,0,0,0
Little Remix,0,0,0,0,0,3,0,0,0,0,0,0,0
Little Things Mean A Lot (Special Occasion),1,0,0,0,0,3,0,0,0,0,0,0,0
Little Threads (boutiques),0,0,0,0,0,3,0,0,0,0,0,0,0
little titlee (jewlery),0,0,0,0,0,3,0,0,0,0,0,0,0
Little Trendsetter,0,0,0,0,0,3,0,0,0,0,0,0,0
Little Twig & Sparrow</div>,0,0,0,0,0,3,0,0,0,0,0,0,0
Little Who</div>,0,0,0,0,0,3,0,0,0,0,0,0,0
little zi,0,0,0,0,0,3,0,0,0,0,0,0,0
littlefox,0,0,0,0,0,3,0,0,0,0,0,0,0
Littlehorn,0,0,0,0,0,3,0,0,0,0,0,0,0
Liu Jo Jr,0,0,0,0,0,3,0,0,0,0,0,0,0
Live Love Shop BABY</div>,0,0,0,0,0,3,0,0,0,0,0,0,0
Livie & Luca,0,0,0,0,0,3,0,0,0,0,0,0,0
LivJo,0,0,0,0,0,3,0,0,0,0,0,0,0
Livly,0,0,0,0,0,3,0,0,0,0,0,0,0
loco organic,0,0,0,0,0,3,0,0,0,0,0,0,0
Logoshirt,0,0,0,0,0,3,0,0,0,0,0,0,0
LOL Kids (boutique),0,0,0,0,0,3,0,0,0,0,0,0,0
Lola et Moi,0,0,0,0,0,3,0,0,0,0,0,0,0
Lola Jo Sales Group (Showroom),0,0,0,0,0,3,0,0,0,0,0,0,0
lollipop (acessories),0,0,0,0,0,3,0,0,0,0,0,0,0
Lollipop Twirl (boutique),0,0,0,0,0,3,0,0,0,0,0,0,0
London Kiddy,0,0,0,0,0,3,0,0,0,0,0,0,0
Loola,0,0,0,0,0,3,0,0,0,0,0,0,0
loopy mango,0,0,0,0,0,3,0,0,0,0,0,0,0
Losan</div>,0,0,0,0,0,3,0,0,0,0,0,0,0
Lot801,0,0,0,0,0,3,0,0,0,0,0,0,0
Lotie Kids,0,0,0,0,0,3,0,0,0,0,0,0,0
Loud Apparel,0,0,0,0,0,3,0,0,0,0,0,0,0
Louis Louise,0,0,0,0,0,3,0,0,0,0,0,0,0
louise misha,0,0,0,0,0,3,0,0,0,0,0,0,0
loullou,0,0,0,0,0,3,0,0,0,0,0,0,0
Loungeville</div>,0,0,0,0,0,3,0,0,0,0,0,0,0
Love & Sunflowers</div>,0,0,0,0,0,3,0,0,0,0,0,0,0
Love Made Love,0,0,0,0,0,3,0,0,0,0,0,0,0
Love U Lots / Penny Candy</div>,0,0,0,0,0,3,0,0,0,0,0,0,0
Loved Baby</div>,0,0,0,0,0,3,0,0,0,0,0,0,0
lovingly organics,0,0,0,0,0,3,0,0,0,0,0,0,0
Luba-Robert</div>,0,0,0,0,0,3,0,0,0,0,0,0,0
Lucky Jade,0,0,0,0,0,3,0,0,0,0,0,0,0
Lucky Kids Jeans,0,0,0,0,0,3,0,0,0,0,0,0,0
Lucky No 7,0,0,0,0,0,3,0,0,0,0,0,0,0
Luella Apparel</div>,0,0,0,0,0,3,0,0,0,0,0,0,0
Luella Couture</div>,0,0,0,0,0,3,0,0,0,0,0,0,0
Lulaland,0,0,0,0,0,3,0,0,0,0,0,0,0
lulaland,0,0,0,0,0,3,0,0,0,0,0,0,0
Luli & Me / Maria Casero</div>,0,0,0,0,0,3,0,0,0,0,0,0,0
Lulu's Then and Now (Closed Store),0,0,0,0,0,3,0,0,0,0,0,0,0
Lului Bikinis</div>,0,0,0,0,0,3,0,0,0,0,0,0,0
lulujo,0,0,0,0,0,3,0,0,0,0,0,0,0
Luluzulu,0,0,0,0,0,3,0,0,0,0,0,0,0
Luna Luna Collection</div>,0,0,0,0,0,3,0,0,0,0,0,0,0
Luna Luna Copenhagen,0,0,0,0,0,3,0,0,0,0,0,0,0
LydaBaby</div>,0,0,0,0,0,3,0,0,0,0,0,0,0
Lynn Meyer &Tiny Ginger</div>,0,0,0,0,0,3,0,0,0,0,0,0,0
M & Co,0,0,0,0,0,3,0,0,0,0,0,0,0
m.o.c,0,0,0,0,0,3,0,0,0,0,0,0,0
maá + manuela de juan,0,0,0,0,0,3,0,0,0,0,0,0,0
Maaji</div>,0,0,0,0,0,3,0,0,0,0,0,0,0
Maan Kids,0,0,0,0,0,3,0,0,0,0,0,0,0
Mabel + Honey,0,0,0,0,0,3,0,0,0,0,0,0,0
Macarons,0,0,0,0,0,3,0,0,0,0,0,0,0
Macis Design (Formal),1,0,0,0,0,3,0,0,0,0,0,0,0
Mack & Co,0,0,0,0,0,3,0,0,0,0,0,0,0
Madame Mo (Kites) N/A,1,0,0,0,0,3,0,0,0,0,0,0,0
Made With Love & Kisses</div>,0,0,0,0,0,3,0,0,0,0,0,0,0
mademoiselle à soho,0,0,0,0,0,3,0,0,0,0,0,0,0
Mademoiselle Charlotte (Formal),1,0,0,0,0,3,0,0,0,0,0,0,0
Mads Norsgaard,0,0,0,0,0,3,0,0,0,0,0,0,0
Maeli Rose</div>,0,0,0,0,0,3,0,0,0,0,0,0,0
Maggie Breen Too</div>,0,0,0,0,0,3,0,0,0,0,0,0,0
Magic Windows (Closed nY Boutique),0,0,0,0,0,3,0,0,0,0,0,0,0
Magnificent Baby,0,0,0,0,0,3,0,0,0,0,0,0,0
Magnolia Baby</div>,0,0,0,0,0,3,0,0,0,0,0,0,0
Magpie & Mabel,0,0,0,0,0,3,0,0,0,0,0,0,0
MAISON LABICHE,0,0,0,0,0,3,0,0,0,0,0,0,0
Mala,0,0,0,0,0,3,0,0,0,0,0,0,0
Malibu Design Group</div>,0,0,0,0,0,3,0,0,0,0,0,0,0
Malibu Sugar,0,0,0,0,0,3,0,0,0,0,0,0,0
Malvi+Co,0,0,0,0,0,3,0,0,0,0,0,0,0
MamaOm (Out of Business?),0,0,0,0,0,3,0,0,0,0,0,0,0
Maniere Accessories</div>,0,0,0,0,0,3,0,0,0,0,0,0,0
manoko,0,0,0,0,0,3,0,0,0,0,0,0,0
manu mobiles,0,0,0,0,0,3,0,0,0,0,0,0,0
manuela - kids design,0,0,0,0,0,3,0,0,0,0,0,0,0
Manuela De Juan,0,0,0,0,0,3,0,0,0,0,0,0,0
maptote (Basics only),0,0,0,0,0,3,0,0,0,0,0,0,0
mara mea,0,0,0,0,0,3,0,0,0,0,0,0,0
Marc O'Polo,0,0,0,0,0,3,0,0,0,0,0,0,0
Marcelo Burlon,0,0,0,0,0,3,0,0,0,0,0,0,0
March 11 Brand,0,0,0,0,0,3,0,0,0,0,0,0,0
Marco & Lizzy,0,0,0,0,0,3,0,0,0,0,0,0,0
Marese,0,0,0,0,0,3,0,0,0,0,0,0,0
Maria Bianca (swimwear),0,0,0,0,0,3,0,0,0,0,0,0,0
Marie-Chantel,0,0,0,0,0,3,0,0,0,0,0,0,0
Mariella Burani,0,0,0,0,0,3,0,0,0,0,0,0,0
Marin + Morgan,0,0,0,0,0,3,0,0,0,0,0,0,0
Marina Cabrera</div>,0,0,0,0,0,3,0,0,0,0,0,0,0
Marmalade & Mash,0,0,0,0,0,3,0,0,0,0,0,0,0
MarMar Copenhagen,0,0,0,0,0,3,0,0,0,0,0,0,0
Marni,0,0,0,0,0,3,0,0,0,0,0,0,0
martín aranda,0,0,0,0,0,3,0,0,0,0,0,0,0
Martin Randa,0,0,0,0,0,3,0,0,0,0,0,0,0
martina charlotte,0,0,0,0,0,3,0,0,0,0,0,0,0
Masala Baby,0,0,0,0,0,3,0,0,0,0,0,0,0
Matilda Jane,0,0,0,0,0,3,0,0,0,0,0,0,0
Max and Dora,0,0,0,0,0,3,0,0,0,0,0,0,0
Max&Lola,0,0,0,0,0,3,0,0,0,0,0,0,0
Maxomorra,0,0,0,0,0,3,0,0,0,0,0,0,0
Mayoral,0,0,0,0,0,3,0,0,0,0,0,0,0
MC2 St Barth,0,0,0,0,0,3,0,0,0,0,0,0,0
me oui (accessories),0,0,0,0,0,3,0,0,0,0,0,0,0
Me Too,0,0,0,0,0,3,0,0,0,0,0,0,0
Me.n.u</div>,0,0,0,0,0,3,0,0,0,0,0,0,0
Mebi,0,0,0,0,0,3,0,0,0,0,0,0,0
Meia Pata (Footwear/Tights),1,0,0,0,0,3,0,0,0,0,0,0,0
Melina's Bowtique</div>,0,0,0,0,0,3,0,0,0,0,0,0,0
melokoton</div>,0,0,0,0,0,3,0,0,0,0,0,0,0
Melton,0,0,0,0,0,3,0,0,0,0,0,0,0
Meme Apparel </div>,0,0,0,0,0,3,0,0,0,0,0,0,0
MeMini by Kristine Vikse,0,0,0,0,0,3,0,0,0,0,0,0,0
Memoi Kids</div>,0,0,0,0,0,3,0,0,0,0,0,0,0
Meresine (out of business),0,0,0,0,0,3,0,0,0,0,0,0,0
Mezzo Piano,0,0,0,0,0,3,0,0,0,0,0,0,0
Mi Amore Gigi,0,0,0,0,0,3,0,0,0,0,0,0,0
Mi Canesu,0,0,0,0,0,3,0,0,0,0,0,0,0
MIA New York</div>,0,0,0,0,0,3,0,0,0,0,0,0,0
Michael Kors Collection</div>,0,0,0,0,0,3,0,0,0,0,0,0,0
Michiko and Me (Out of Business?),0,0,0,0,0,3,0,0,0,0,0,0,0
Microbe by Miss Grant,0,0,0,0,0,3,0,0,0,0,0,0,0
Miki Miette ,0,0,0,0,0,3,0,0,0,0,0,0,0
Mikk Line (Owned by Melton),0,0,0,0,0,3,0,0,0,0,0,0,0
MILES BABY</div>,0,0,0,0,0,3,0,0,0,0,0,0,0
Milibe Copenhagen,0,0,0,0,0,3,0,0,0,0,0,0,0
Milk and Dagger,0,0,0,0,0,3,0,0,0,0,0,0,0
Milk and Masuki,0,0,0,0,0,3,0,0,0,0,0,0,0
Milk on the Rocks,0,0,0,0,0,3,0,0,0,0,0,0,0
milkandbiscuits,0,0,0,0,0,3,0,0,0,0,0,0,0
milktology,0,0,0,0,0,3,0,0,0,0,0,0,0
milledeux,0,0,0,0,0,3,0,0,0,0,0,0,0
Millymook & Dozer</div>,0,0,0,0,0,3,0,0,0,0,0,0,0
milou & pilou,0,0,0,0,0,3,0,0,0,0,0,0,0
Mim-Pi,0,0,0,0,0,3,0,0,0,0,0,0,0
Mimi & Maggie,0,0,0,0,0,3,0,0,0,0,0,0,0
Mimisol,0,0,0,0,0,3,0,0,0,0,0,0,0
Mimo & Co,0,0,0,0,0,3,0,0,0,0,0,0,0
Mimobee,0,0,0,0,0,3,0,0,0,0,0,0,0
Ming by Ming</div>,0,0,0,0,0,3,0,0,0,0,0,0,0
Mingo Kids,0,0,0,0,0,3,0,0,0,0,0,0,0
Minhon,0,0,0,0,0,3,0,0,0,0,0,0,0
Mini & Maximus,0,0,0,0,0,3,0,0,0,0,0,0,0
Mini A Ture,0,0,0,0,0,3,0,0,0,0,0,0,0
mini dressing,0,0,0,0,0,3,0,0,0,0,0,0,0
Mini Dunadu,0,0,0,0,0,3,0,0,0,0,0,0,0
Mini LaMode,0,0,0,0,0,3,0,0,0,0,0,0,0
Mini Melissa/Mel Dreamed by Melissa</div>,0,0,0,0,0,3,0,0,0,0,0,0,0
Mini Mioche ,0,0,0,0,0,3,0,0,0,0,0,0,0
Mini Moc,0,0,0,0,0,3,0,0,0,0,0,0,0
Mini Mod Mode</div>,0,0,0,0,0,3,0,0,0,0,0,0,0
mini phoebee,0,0,0,0,0,3,0,0,0,0,0,0,0
MINI PREEN,0,0,0,0,0,3,0,0,0,0,0,0,0
Mini Raxevsky,0,0,0,0,0,3,0,0,0,0,0,0,0
Mini Rodini,0,0,0,0,0,3,0,0,0,0,0,0,0
Mini Shatsu,0,0,0,0,0,3,0,0,0,0,0,0,0
Mini Treasure,0,0,0,0,0,3,0,0,0,0,0,0,0
Mini ZZZ,0,0,0,0,0,3,0,0,0,0,0,0,0
Minibanda,0,0,0,0,0,3,0,0,0,0,0,0,0
Minijammies,0,0,0,0,0,3,0,0,0,0,0,0,0
Minimalisma,0,0,0,0,0,3,0,0,0,0,0,0,0
Miniman,0,0,0,0,0,3,0,0,0,0,0,0,0
Minimu,0,0,0,0,0,3,0,0,0,0,0,0,0
Minorquines (Shoes),0,0,0,0,0,3,0,0,0,0,0,0,0
Minti,0,0,0,0,0,3,0,0,0,0,0,0,0
Minutus,0,0,0,0,0,3,0,0,0,0,0,0,0
Minymo</div>,0,0,0,0,0,3,0,0,0,0,0,0,0
Mirasa Design</div>,0,0,0,0,0,3,0,0,0,0,0,0,0
MIS-TEE-V-US,0,0,0,0,0,3,0,0,0,0,0,0,0
MISCHKA AOKI,0,0,0,0,0,3,0,0,0,0,0,0,0
Mish Mish,0,0,0,0,0,3,0,0,0,0,0,0,0
misha and puff,0,0,0,0,0,3,0,0,0,0,0,0,0
Misha Lulu,0,0,0,0,0,3,0,0,0,0,0,0,0
Miss B,0,0,0,0,0,3,0,0,0,0,0,0,0
Miss Behave,0,0,0,0,0,3,0,0,0,0,0,0,0
Miss Blumarine,0,0,0,0,0,3,0,0,0,0,0,0,0
Miss Grant,0,0,0,0,0,3,0,0,0,0,0,0,0
Miss L Ray,0,0,0,0,0,3,0,0,0,0,0,0,0
Miss MeMe</div>,0,0,0,0,0,3,0,0,0,0,0,0,0
Miss Sixty Girls,0,0,0,0,0,3,0,0,0,0,0,0,0
Missoni Kids,0,0,0,0,0,3,0,0,0,0,0,0,0
Misteri Kids,0,0,0,0,0,3,0,0,0,0,0,0,0
Mitty James,0,0,0,0,0,3,0,0,0,0,0,0,0
MJK Knits,0,0,0,0,0,3,0,0,0,0,0,0,0
ML Kids</div>,0,0,0,0,0,3,0,0,0,0,0,0,0
Moccis Moccasins,0,0,0,0,0,3,0,0,0,0,0,0,0
Moccz,0,0,0,0,0,3,0,0,0,0,0,0,0
Mod Girl + Mod Activewear</div>,0,0,0,0,0,3,0,0,0,0,0,0,0
Modeerska Huset,0,0,0,0,0,3,0,0,0,0,0,0,0
Modern Cuddle (Accessories),1,0,0,0,0,3,0,0,0,0,0,0,0
modern queen kids,0,0,0,0,0,3,0,0,0,0,0,0,0
Moi</div>,0,0,0,0,0,3,0,0,0,0,0,0,0
Molly Bracken,0,0,0,0,0,3,0,0,0,0,0,0,0
Molly Glitz</div>,0,0,0,0,0,3,0,0,0,0,0,0,0
Molo,0,0,0,0,0,3,0,0,0,0,0,0,0
MOMINO and OCRA,0,0,0,0,0,3,0,0,0,0,0,0,0
Mon Marcel,0,0,0,0,0,3,0,0,0,0,0,0,0
Monamici,0,0,0,0,0,3,0,0,0,0,0,0,0
Moncler Enfant ,0,0,0,0,0,3,0,0,0,0,0,0,0
Monica Andy,0,0,0,0,0,3,0,0,0,0,0,0,0
monikako,0,0,0,0,0,3,0,0,0,0,0,0,0
Monkey Bar Buddies,0,0,0,0,0,3,0,0,0,0,0,0,0
Monnalisa,0,0,0,0,0,3,0,0,0,0,0,0,0
Monsoon Kids,0,0,0,0,0,3,0,0,0,0,0,0,0
Monteau Girl,0,0,0,0,0,3,0,0,0,0,0,0,0
Moo Boo's,0,0,0,0,0,3,0,0,0,0,0,0,0
MoodStreet,0,0,0,0,0,3,0,0,0,0,0,0,0
Moon Boot,0,0,0,0,0,3,0,0,0,0,0,0,0
moon paris,0,0,0,0,0,3,0,0,0,0,0,0,0
Moonkids,0,0,0,0,0,3,0,0,0,0,0,0,0
moonments,0,0,0,0,0,3,0,0,0,0,0,0,0
moque,0,0,0,0,0,3,0,0,0,0,0,0,0
Morgan & Milo,0,0,0,0,0,3,0,0,0,0,0,0,0
Mori,0,0,0,0,0,3,0,0,0,0,0,0,0
Morley,0,0,0,0,0,3,0,0,0,0,0,0,0
Moschino Kids,0,0,0,0,0,3,0,0,0,0,0,0,0
Motoreta,0,0,0,0,0,3,0,0,0,0,0,0,0
Mou Lacoton (shoes),0,0,0,0,0,3,0,0,0,0,0,0,0
Mouche,0,0,0,0,0,3,0,0,0,0,0,0,0
moun ten.,0,0,0,0,0,3,0,0,0,0,0,0,0
Move by Melton (Shoes),0,0,0,0,0,3,0,0,0,0,0,0,0
MP (Swim),1,0,0,0,0,3,0,0,0,0,0,0,0
MP Denmark,0,0,0,0,0,3,0,0,0,0,0,0,0
mr. boddington (Nursery),0,0,0,0,0,3,0,0,0,0,0,0,0
Mr. Uky,0,0,0,0,0,3,0,0,0,0,0,0,0
MSGM,0,0,0,0,0,3,0,0,0,0,0,0,0
Muachcha,0,0,0,0,0,3,0,0,0,0,0,0,0
muakmoi,0,0,0,0,0,3,0,0,0,0,0,0,0
Munchkins Muscles,0,0,0,0,0,3,0,0,0,0,0,0,0
Munster Kids,0,0,0,0,0,3,0,0,0,0,0,0,0
Mustard Pie,0,0,0,0,0,3,0,0,0,0,0,0,0
musubib (Accessory),1,0,0,0,0,3,0,0,0,0,0,0,0
Muttonhead ,0,0,0,0,0,3,0,0,0,0,0,0,0
my little cozmo,0,0,0,0,0,3,0,0,0,0,0,0,0
MY LITTLE DRESS UP,0,0,0,0,0,3,0,0,0,0,0,0,0
My Little Shop,0,0,0,0,0,3,0,0,0,0,0,0,0
Myself Belts,0,0,0,0,0,3,0,0,0,0,0,0,0
Naa Naa Minuture,0,0,0,0,0,3,0,0,0,0,0,0,0
Nacido,0,0,0,0,0,3,0,0,0,0,0,0,0
nadadelazos,0,0,0,0,0,3,0,0,0,0,0,0,0
nailmatic,0,0,0,0,0,3,0,0,0,0,0,0,0
Namoo (Shoes),1,0,0,0,0,3,0,0,0,0,0,0,0
Nan & Jan Fashions</div>,0,0,0,0,0,3,0,0,0,0,0,0,0
"Nancy Markert &Associates,( Showroom)",1,0,0,0,0,3,0,0,0,0,0,0,0
Nandy & Molly,0,0,0,0,0,3,0,0,0,0,0,0,0
Nanette Lepore Girls,0,0,0,0,0,3,0,0,0,0,0,0,0
Nanny Pickle,0,0,0,0,0,3,0,0,0,0,0,0,0
Nanos,0,0,0,0,0,3,0,0,0,0,0,0,0
Native Belle Boutique (Out of Business?),0,0,0,0,0,3,0,0,0,0,0,0,0
Native Shoes,0,0,0,0,0,3,0,0,0,0,0,0,0
Natura Pura,0,0,0,0,0,3,0,0,0,0,0,0,0
Natureroots Organics,0,0,0,0,0,3,0,0,0,0,0,0,0
NATURINO EXPRESS</div>,0,0,0,0,0,3,0,0,0,0,0,0,0
Nautica,0,0,0,0,0,3,0,0,0,0,0,0,0
Neige,0,0,0,0,0,3,0,0,0,0,0,0,0
Nelly Stella,0,0,0,0,0,3,0,0,0,0,0,0,0
Nest Design,0,0,0,0,0,3,0,0,0,0,0,0,0
New Balance,0,0,0,0,0,3,0,0,0,0,0,0,0
New Generals,0,0,0,0,0,3,0,0,0,0,0,0,0
New Jammies,0,0,0,0,0,3,0,0,0,0,0,0,0
Nice Things Mini,0,0,0,0,0,3,0,0,0,0,0,0,0
Nico Nico,0,0,0,0,0,3,0,0,0,0,0,0,0
nicoqo,0,0,0,0,0,3,0,0,0,0,0,0,0
Nike,0,0,0,0,0,3,0,0,0,0,0,0,0
Nikiani,0,0,0,0,0,3,0,0,0,0,0,0,0
NIKOLIA,0,0,0,0,0,3,0,0,0,0,0,0,0
Nina and Nelli,0,0,0,0,0,3,0,0,0,0,0,0,0
ninos,0,0,0,0,0,3,0,0,0,0,0,0,0
niva,0,0,0,0,0,3,0,0,0,0,0,0,0
Nixie Clothing,0,0,0,0,0,3,0,0,0,0,0,0,0
No Added Sugar,0,0,0,0,0,3,0,0,0,0,0,0,0
No Biggie,0,0,0,0,0,3,0,0,0,0,0,0,0
No Slippy Hair Clippy (Accessories),1,0,0,0,0,3,0,0,0,0,0,0,0
Noa Noa,0,0,0,0,0,3,0,0,0,0,0,0,0
Noah's Ark (Delete?),0,0,0,0,0,3,0,0,0,0,0,0,0
Nobis,0,0,0,0,0,3,0,0,0,0,0,0,0
NOCH Organic Mini,0,0,0,0,0,3,0,0,0,0,0,0,0
noé & zoë berlin,0,0,0,0,0,3,0,0,0,0,0,0,0
Noel Kids (Shoes),1,0,0,0,0,3,0,0,0,0,0,0,0
nOeser,0,0,0,0,0,3,0,0,0,0,0,0,0
Nohi Kids,0,0,0,0,0,3,0,0,0,0,0,0,0
Nolita Pocket,0,0,0,0,0,3,0,0,0,0,0,0,0
Noni Bee</div>,0,0,0,0,0,3,0,0,0,0,0,0,0
Nonono,0,0,0,0,0,3,0,0,0,0,0,0,0
Noomie,0,0,0,0,0,3,0,0,0,0,0,0,0
NORO,0,0,0,0,0,3,0,0,0,0,0,0,0
Northface,0,0,0,0,0,3,0,0,0,0,0,0,0
Noukies</div>,0,0,0,0,0,3,0,0,0,0,0,0,0
Nova Star,0,0,0,0,0,3,0,0,0,0,0,0,0
Novel Walk,0,0,0,0,0,3,0,0,0,0,0,0,0
nueces,0,0,0,0,0,3,0,0,0,0,0,0,0
Nui Organics,0,0,0,0,0,3,0,0,0,0,0,0,0
nukugurumi studio,0,0,0,0,0,3,0,0,0,0,0,0,0
Numero 74,0,0,0,0,0,3,0,0,0,0,0,0,0
nunuforme,0,0,0,0,0,3,0,0,0,0,0,0,0
nununu,0,0,0,0,0,3,0,0,0,0,0,0,0
O'Keefe Limited,0,0,0,0,0,3,0,0,0,0,0,0,0
Oakiwear</div>,0,0,0,0,0,3,0,0,0,0,0,0,0
Oaks of Acorn,0,0,0,0,0,3,0,0,0,0,0,0,0
Oeuf,0,0,0,0,0,3,0,0,0,0,0,0,0
Offspring,0,0,0,0,0,3,0,0,0,0,0,0,0
OGK,0,0,0,0,0,3,0,0,0,0,0,0,0
Oh Baby!,0,0,0,0,0,3,0,0,0,0,0,0,0
Oh La! La!</div>,0,0,0,0,0,3,0,0,0,0,0,0,0
Oh...My! Kidswear</div>,0,0,0,0,0,3,0,0,0,0,0,0,0
Oil & Water,0,0,0,0,0,3,0,0,0,0,0,0,0
OiLilly,0,0,0,0,0,3,0,0,0,0,0,0,0
Old Bunch Babies & Kids</div>,0,0,0,0,0,3,0,0,0,0,0,0,0
Old Soles,0,0,1,0,0,3,0,0,0,0,0,0,0
Olebar Brown (UK),0,0,0,0,0,3,0,0,0,0,0,0,0
Olive Juice,0,0,0,0,0,3,0,0,0,0,0,0,0
Oliver and Rain</div>,0,0,0,0,0,3,0,0,0,0,0,0,0
Olivia and Ocean,0,0,0,0,0,3,0,0,0,0,0,0,0
Olivier Baby</div>,0,0,0,0,0,3,0,0,0,0,0,0,0
Ollie Jones,0,0,0,0,0,3,0,0,0,0,0,0,0
Omami Mini</div>,0,0,0,0,0,3,0,0,0,0,0,0,0
omibia,0,0,0,0,0,3,0,0,0,0,0,0,0
omy (Arts and Crafts),0,0,0,0,0,3,0,0,0,0,0,0,0
Once,0,0,0,0,0,3,0,0,0,0,0,0,0
OndadeMar</div>,0,0,0,0,0,3,0,0,0,0,0,0,0
One Apparel</div>,0,0,0,0,0,3,0,0,0,0,0,0,0
One We Like,0,0,0,0,0,3,0,0,0,0,0,0,0
Onzie,0,0,0,0,0,3,0,0,0,0,0,0,0
ooahooah,0,0,0,0,0,3,0,0,0,0,0,0,0
Oobi,0,0,0,0,0,3,0,0,0,0,0,0,0
"Oooh! La, La! Couture",0,0,0,0,0,3,0,0,0,0,0,0,0
Oopsy Daisy Baby (Wall Art),0,0,0,0,0,3,0,0,0,0,0,0,0
Opiliai,0,0,0,0,0,3,0,0,0,0,0,0,0
Orange Lining</div>,0,0,0,0,0,3,0,0,0,0,0,0,0
organic zoo,0,0,0,0,0,3,0,0,0,0,0,0,0
Original Marines,0,0,0,0,0,3,0,0,0,0,0,0,0
oruro,0,0,0,0,0,3,0,0,0,0,0,0,0
Oscar de la Renta Kids,0,0,0,0,0,3,0,0,0,0,0,0,0
OUCH,0,0,0,0,0,3,0,0,0,0,0,0,0
Outside The Lines,0,0,0,0,0,3,0,0,0,0,0,0,0
Owa Yurika</div>,0,0,0,0,0,3,0,0,0,0,0,0,0
P'tit chic de Paris (Out of Business?),0,0,0,0,0,3,0,0,0,0,0,0,0
Paade Mode,0,0,0,0,0,3,0,0,0,0,0,0,0
Pacific Rainbow,0,0,0,0,0,3,0,0,0,0,0,0,0
PACT Apparel,0,0,0,0,0,3,0,0,0,0,0,0,0
Paglie,0,0,0,0,0,3,0,0,0,0,0,0,0
Paige Lauren,0,0,0,0,0,3,0,0,0,0,0,0,0
"paisley magic, little paisley people",0,0,0,0,0,3,0,0,0,0,0,0,0
palava,0,0,0,0,0,3,0,0,0,0,0,0,0
Pale Cloud,0,0,0,0,0,3,0,0,0,0,0,0,0
Pampili</div>,0,0,0,0,0,3,0,0,0,0,0,0,0
Pampolina,0,0,0,0,0,3,0,0,0,0,0,0,0
pani jurek,0,0,0,0,0,3,0,0,0,0,0,0,0
Papa Lobster,0,0,0,0,0,3,0,0,0,0,0,0,0
papapapark,0,0,0,0,0,3,0,0,0,0,0,0,0
Paper Moon,0,0,0,0,0,3,0,0,0,0,0,0,0
Paper Wings,0,0,0,0,0,3,0,0,0,0,0,0,0
Parkland</div>,0,0,0,0,0,3,0,0,0,0,0,0,0
Pasito a Pasito,0,0,0,0,0,3,0,0,0,0,0,0,0
Patachou,0,0,0,0,0,3,0,0,0,0,0,0,0
Patrizia Pepe Girls,0,0,0,0,0,3,0,0,0,0,0,0,0
Paul Smith Jr  (UK),0,0,0,0,0,3,0,0,0,0,0,0,0
paush,0,0,0,0,0,3,0,0,0,0,0,0,0
Paxley,0,0,0,0,0,3,0,0,0,0,0,0,0
Paz Rodriguez ,0,0,0,0,0,3,0,0,0,0,0,0,0
Pazitos,0,0,0,0,0,3,0,0,0,0,0,0,0
Peace Love World</div>,0,0,0,0,0,3,0,0,0,0,0,0,0
Peas & Queues,0,0,0,0,0,3,0,0,0,0,0,0,0
Pediped Footwear</div>,0,0,0,0,0,3,0,0,0,0,0,0,0
Peerless Clothing(FOrmal),1,0,0,0,0,3,0,0,0,0,0,0,0
Penelope Wildberry</div>,0,0,0,0,0,3,0,0,0,0,0,0,0
Penguin Organics,0,0,0,0,0,3,0,0,0,0,0,0,0
Pepe Jeans London Kids,0,0,0,0,0,3,0,0,0,0,0,0,0
pepe',0,0,0,0,0,3,0,0,0,0,0,0,0
Pepito by Chus,0,0,0,0,0,3,0,0,0,0,0,0,0
Peppercorn Kids,0,0,0,0,0,3,0,0,0,0,0,0,0
Pequeno Tocon,0,0,0,0,0,3,0,0,0,0,0,0,0
Pero,0,0,0,0,0,3,0,0,0,0,0,0,0
Petasil Kids (Shoes),0,0,0,0,0,3,0,0,0,0,0,0,0
Petel Design (Homegoods/ Accessories),1,0,0,0,0,3,0,0,0,0,0,0,0
Petidoux,0,0,0,0,0,3,0,0,0,0,0,0,0
Petit Atelier</div>,0,0,0,0,0,3,0,0,0,0,0,0,0
Petit Bateau,0,0,0,0,0,3,0,0,0,0,0,0,0
Petit Bebe</div>,0,0,0,0,0,3,0,0,0,0,0,0,0
petit jour paris,0,0,0,0,0,3,0,0,0,0,0,0,0
Petit Kolibri,0,0,0,0,0,3,0,0,0,0,0,0,0
Petit Lem,0,0,0,0,0,3,0,0,0,0,0,0,0
Petit Nord (Shoes),0,0,0,0,0,3,0,0,0,0,0,0,0
Petit Oh!,0,0,0,0,0,3,0,0,0,0,0,0,0
Petit Parisians</div>,0,0,0,0,0,3,0,0,0,0,0,0,0
Petit Peony,0,0,0,0,0,3,0,0,0,0,0,0,0
Petit Stellou,0,0,0,0,0,3,0,0,0,0,0,0,0
Petit Voyageur,0,0,0,0,0,3,0,0,0,0,0,0,0
Petitbo</div>,0,0,0,0,0,3,0,0,0,0,0,0,0
Petite Adele</div>,0,0,0,0,0,3,0,0,0,0,0,0,0
Petite Coco,0,0,0,0,0,3,0,0,0,0,0,0,0
Petite Lucette,0,0,0,0,0,3,0,0,0,0,0,0,0
Petite Plume,0,0,0,0,0,3,0,0,0,0,0,0,0
Petits Genoux,0,0,0,0,0,3,0,0,0,0,0,0,0
petunia pickle bottom (Bags),0,0,0,0,0,3,0,0,0,0,0,0,0
phi clothing,0,0,0,0,0,3,0,0,0,0,0,0,0
Philipp Plein Petie,0,0,0,0,0,3,0,0,0,0,0,0,0
Phister and Philina,0,0,0,0,0,3,0,0,0,0,0,0,0
phisticates (Showroom),1,0,0,0,0,3,0,0,0,0,0,0,0
Phoenix and the Fox,0,0,0,0,0,3,0,0,0,0,0,0,0
Picaroz (Owned by Pazitos),0,0,0,0,0,3,0,0,0,0,0,0,0
Piccalilly,0,0,0,0,0,3,0,0,0,0,0,0,0
Pickles N' Roses</div>,0,0,0,0,0,3,0,0,0,0,0,0,0
picnik,0,0,0,0,0,3,0,0,0,0,0,0,0
Picolasperanza,0,0,0,0,0,3,0,0,0,0,0,0,0
pigeon,0,0,0,0,0,3,0,0,0,0,0,0,0
Piggy Pajamas,0,0,0,0,0,3,0,0,0,0,0,0,0
Pilar Batanero,0,0,0,0,0,3,0,0,0,0,0,0,0
Pili Carrera,0,0,0,0,0,3,0,0,0,0,0,0,0
Pili Pala,0,0,0,0,0,3,0,0,0,0,0,0,0
pilkku,0,0,0,0,0,3,0,0,0,0,0,0,0
Pillow Pets,0,0,0,0,0,3,0,0,0,0,0,0,0
Pily Q</div>,0,0,0,0,0,3,0,0,0,0,0,0,0
Pimalinda,0,0,0,0,0,3,0,0,0,0,0,0,0
Pimpolho</div>,0,0,0,0,0,3,0,0,0,0,0,0,0
Pimsa,0,0,0,0,0,3,0,0,0,0,0,0,0
Pinc Premium,0,0,0,0,0,3,0,0,0,0,0,0,0
Pink Chicken,0,0,0,0,0,3,0,0,0,0,0,0,0
Pink Peony Kids</div>,0,0,0,0,0,3,0,0,0,0,0,0,0
Pinko up,0,0,0,0,0,3,0,0,0,0,0,0,0
Pirates and Unicorns LA</div>,0,0,0,0,0,3,0,0,0,0,0,0,0
Pixie Dixie,0,0,0,0,0,3,0,0,0,0,0,0,0
Plae</div>,0,0,0,0,0,3,0,0,0,0,0,0,0
plakton,0,0,0,0,0,3,0,0,0,0,0,0,0
Planet Sea,0,0,0,0,0,3,0,0,0,0,0,0,0
planet-e,0,0,0,0,0,3,0,0,0,0,0,0,0
Platypus Australia UV Swimwear</div>,0,0,0,0,0,3,0,0,0,0,0,0,0
Play is Work,0,0,0,0,0,3,0,0,0,0,0,0,0
Play Up,0,0,0,0,0,3,0,0,0,0,0,0,0
PLUM NYC</div>,0,0,0,0,0,3,0,0,0,0,0,0,0
plume blanche,0,0,0,0,0,3,0,0,0,0,0,0,0
Plume Collection,0,0,0,0,0,3,0,0,0,0,0,0,0
poeme & poesie,0,0,0,0,0,3,0,0,0,0,0,0,0
Polarn O. Pyret,0,0,0,0,0,3,0,0,0,0,0,0,0
Polder,0,0,0,0,0,3,0,0,0,0,0,0,0
Pom d' Api,0,0,0,0,0,3,0,0,0,0,0,0,0
Pom Ponette,0,0,0,0,0,3,0,0,0,0,0,0,0
Pomchies (Acessories),0,0,0,0,0,3,0,0,0,0,0,0,0
Pop</div>,0,0,0,0,0,3,0,0,0,0,0,0,0
Popecha,0,0,0,0,0,3,0,0,0,0,0,0,0
Popelin,0,0,0,0,0,3,0,0,0,0,0,0,0
Poppie and George,0,0,0,0,0,3,0,0,0,0,0,0,0
Poppy Red,0,0,0,0,0,3,0,0,0,0,0,0,0
Poppy's Closet,0,0,0,0,0,3,0,0,0,0,0,0,0
popupshop,0,0,0,0,0,3,0,0,0,0,0,0,0
Posh International/Popatu</div>,0,0,0,0,0,3,0,0,0,0,0,0,0
Potitos,0,0,0,0,0,3,0,0,0,0,0,0,0
Powell Craft,0,0,0,0,0,3,0,0,0,0,0,0,0
PPLA Clothing</div>,0,0,0,0,0,3,0,0,0,0,0,0,0
Prefresh,0,0,0,0,0,3,0,0,0,0,0,0,0
Pretty Originals,0,0,0,0,0,3,0,0,0,0,0,0,0
Primark,0,0,0,0,0,3,0,0,0,0,0,0,0
Primary ,0,0,0,0,0,3,0,0,0,0,0,0,0
Primigi Italy</div>,0,0,0,0,0,3,0,0,0,0,0,0,0
Princess Awesome,0,0,0,0,0,3,0,0,0,0,0,0,0
Princess Daliana (Formal),0,0,0,0,0,3,0,0,0,0,0,0,0
Princess Free Zone,0,0,0,0,0,3,0,0,0,0,0,0,0
Priscillas Collection</div>,0,0,0,0,0,3,0,0,0,0,0,0,0
project 6,0,0,0,0,0,3,0,0,0,0,0,0,0
Puma,0,0,0,0,0,3,0,0,0,0,0,0,0
Pumpkin Patch,0,0,0,0,0,3,0,0,0,0,0,0,0
Purebaby Organic,0,0,0,0,0,3,0,0,0,0,0,0,0
Purechild Clothing,0,0,0,0,0,3,0,0,0,0,0,0,0
Purete Du... Bebe,0,0,0,0,0,3,0,0,0,0,0,0,0
Pyrenex,0,0,0,0,0,3,0,0,0,0,0,0,0
Q'uinti,0,0,0,0,-1,3,0,0,0,0,0,0,0
Q4 Designs (Service Provider),0,0,0,0,0,3,0,0,0,0,0,0,0
Quenotte,0,0,0,0,0,3,0,0,0,0,0,0,0
Question Everything London,0,0,0,0,0,3,0,0,0,0,0,0,0
Quicksilver,0,0,0,0,0,3,0,0,0,0,0,0,0
Quimby</div>,0,0,0,0,0,3,0,0,0,0,0,0,0
Quinn and Fox,0,0,0,0,0,3,0,0,0,0,0,0,0
Quirkie Kids,0,0,0,0,0,3,0,0,0,0,0,0,0
Quis Quis,0,0,0,0,0,3,0,0,0,0,0,0,0
Rachel Riley,0,0,0,0,0,3,0,0,0,0,0,0,0
Rag Mart</div>,0,0,0,0,0,3,0,0,0,0,0,0,0
Ragdoll & Rockets</div>,0,0,0,0,0,3,0,0,0,0,0,0,0
Rags to Raches,0,0,0,0,0,3,0,0,0,0,0,0,0
Ralph Lauren,0,0,0,0,0,3,0,0,0,0,0,0,0
Rare the Kid,0,0,0,0,0,3,0,0,0,0,0,0,0
Raspberry Plum,0,0,0,0,0,3,0,0,0,0,0,0,0
Ray Kids Fashion (Sunglasses),1,0,0,0,0,3,0,0,0,0,0,0,0
RB</div>,0,0,0,0,0,3,0,0,0,0,0,0,0
re:verse products,0,0,0,0,0,3,0,0,0,0,0,0,0
re:work,0,0,0,0,0,3,0,0,0,0,0,0,0
red caribou,0,0,0,0,0,3,0,0,0,0,0,0,0
Red Egg &a Ginger</div>,0,0,0,0,0,3,0,0,0,0,0,0,0
Red Thread Design,0,0,0,0,0,3,0,0,0,0,0,0,0
Redfish Kids,0,0,0,0,0,3,0,0,0,0,0,0,0
Redurchin,0,0,0,0,0,3,0,0,0,0,0,0,0
Reebok,0,0,0,0,0,3,0,0,0,0,0,0,0
Reima,0,0,0,0,0,3,0,0,0,0,0,0,0
Repetto,0,0,0,0,0,3,0,0,0,0,0,0,0
Replay & Sons,0,0,0,0,0,3,0,0,0,0,0,0,0
Republic of Pigtails</div>,0,0,0,0,0,3,0,0,0,0,0,0,0
RICHTER</div>,0,0,0,0,0,3,0,0,0,0,0,0,0
riding unicorns,0,0,0,0,0,3,0,0,0,0,0,0,0
Rileyroos,0,0,0,0,0,3,0,0,0,0,0,0,0
rilla go rilla,0,0,0,0,0,3,0,0,0,0,0,0,0
Rita Co Rita,0,0,0,0,0,3,0,0,0,0,0,0,0
rivieras leisure shoes,0,0,0,0,0,3,0,0,0,0,0,0,0
Robeez,0,0,0,0,0,3,0,0,0,0,0,0,0
Robo Kidswear</div>,0,0,0,0,0,3,0,0,0,0,0,0,0
Rock n Regal,0,0,0,0,0,3,0,0,0,0,0,0,0
Rock Your Baby,0,0,0,0,0,3,0,0,0,0,0,0,0
Rockefella,0,0,0,0,0,3,0,0,0,0,0,0,0
Roksanda Ilincic,0,0,0,0,0,3,0,0,0,0,0,0,0
Roma e Toska,0,0,0,0,0,3,0,0,0,0,0,0,0
Romano (India),0,0,0,0,0,3,0,0,0,0,0,0,0
rompbaby,0,0,0,0,0,3,0,0,0,0,0,0,0
Romy & Aksel</div>,0,0,0,0,0,3,0,0,0,0,0,0,0
Rondinella,0,0,0,0,0,3,0,0,0,0,0,0,0
Room Seven,0,0,0,0,0,3,0,0,0,0,0,0,0
Roots,0,0,0,0,0,3,0,0,0,0,0,0,0
Rosalita Senoritas,0,0,0,0,0,3,0,0,0,0,0,0,0
Rose Textiles/Tendertyme</div>,0,0,0,0,0,3,0,0,0,0,0,0,0
Rosie And Leo,0,0,0,0,0,3,0,0,0,0,0,0,0
Rosie G</div>,0,0,0,0,0,3,0,0,0,0,0,0,0
Rosie Pope,0,0,0,0,0,3,0,0,0,0,0,0,0
Rowdy Sprout</div>,0,0,0,0,0,3,0,0,0,0,0,0,0
rubio kids,0,0,0,0,0,3,0,0,0,0,0,0,0
Ruff and Huddle,0,0,0,0,0,3,0,0,0,0,0,0,0
Rufflebutts,0,0,0,0,0,3,0,0,0,0,0,0,0
Rufus and Murdog,0,0,0,0,0,3,0,0,0,0,0,0,0
Ruggedbutts,0,0,0,0,0,3,0,0,0,0,0,0,0
Runway Kids,0,0,0,0,0,3,0,0,0,0,0,0,0
rylee and cru,0,0,0,0,0,3,0,0,0,0,0,0,0
S. Square Corp.</div>,0,0,0,0,0,3,0,0,0,0,0,0,0
Sabz Swimwear</div>,0,0,0,0,0,3,0,0,0,0,0,0,0
Sal & Pimenta</div>,0,0,0,0,0,3,0,0,0,0,0,0,0
Salacaluda</div>,0,0,0,0,0,3,0,0,0,0,0,0,0
Sally Miller,0,0,0,0,0,3,0,0,0,0,0,0,0
Salt City Emporium,0,0,0,0,0,3,0,0,0,0,0,0,0
Salty Baby</div>,0,0,0,0,0,3,0,0,0,0,0,0,0
Sam Edelman,0,0,0,0,0,3,0,0,0,0,0,0,0
Sam's Friend,0,0,0,0,0,3,0,0,0,0,0,0,0
SAMpark/Almirah</div>,0,0,0,0,0,3,0,0,0,0,0,0,0
Sapling Child,0,0,0,0,0,3,0,0,0,0,0,0,0
Sara banda (It),0,0,0,0,0,3,0,0,0,0,0,0,0
Sara's Prints,0,0,0,0,0,3,0,0,0,0,0,0,0
Sarah Louise (UK),0,0,0,0,0,3,0,0,0,0,0,0,0
Satila ,0,0,0,0,0,3,0,0,0,0,0,0,0
Scandi Mini (3rd Party Retailer)\,0,0,0,0,0,3,0,0,0,0,0,0,0
Scarlet Ribbon Marino,0,0,0,0,0,3,0,0,0,0,0,0,0
Schnarbles,0,0,0,0,0,3,0,0,0,0,0,0,0
Scholl,0,0,0,0,0,3,0,0,0,0,0,0,0
Scotch Shrunk,0,0,0,0,0,3,0,0,0,0,0,0,0
Scoth R' Belle,0,0,0,0,0,3,0,0,0,0,0,0,0
Seafolly Australia</div>,0,0,0,0,0,3,0,0,0,0,0,0,0
Seam,0,0,0,0,0,3,0,0,0,0,0,0,0
See Kai Run,0,0,0,0,0,3,0,0,0,0,0,0,0
Seea</div>,0,0,0,0,0,3,0,0,0,0,0,0,0
seedling,0,0,0,0,0,3,0,0,0,0,0,0,0
Seek N Hide,0,0,0,0,0,3,0,0,0,0,0,0,0
seiko tsuchimoto,0,0,0,0,0,3,0,0,0,0,0,0,0
Selfie Clothing,0,0,0,0,0,3,0,0,0,0,0,0,0
Serendipity,0,0,0,0,0,3,0,0,0,0,0,0,0
Servane Barrau Designs (Out of Business?),0,0,0,0,0,3,0,0,0,0,0,0,0
Sevva (Formal),0,0,0,0,0,3,0,0,0,0,0,0,0
Sewing Circus,0,0,0,0,0,3,0,0,0,0,0,0,0
Shade Critters</div>,0,0,0,0,0,3,0,0,0,0,0,0,0
Shanil</div>,0,0,0,0,0,3,0,0,0,0,0,0,0
shape of things,0,0,0,0,0,3,0,0,0,0,0,0,0
Shilav,0,0,0,0,0,3,0,0,0,0,0,0,0
Shoes Me,0,0,0,0,0,3,0,0,0,0,0,0,0
Shoofly,0,0,0,0,0,3,0,0,0,0,0,0,0
ShoosShoos,0,0,0,0,0,3,0,0,0,0,0,0,0
ShuShu Kids (nail polish),0,0,0,0,0,3,0,0,0,0,0,0,0
Siaomimi,0,0,0,0,0,3,0,0,0,0,0,0,0
Sierra Julian,0,0,0,0,0,3,0,0,0,0,0,0,0
Sikaffy Industrial</div>,0,0,0,0,0,3,0,0,0,0,0,0,0
Silly Souls</div>,0,0,0,0,0,3,0,0,0,0,0,0,0
Silvian Heach (EU),0,0,0,0,0,3,0,0,0,0,0,0,0
Simple Kids,0,0,0,0,0,3,0,0,0,0,0,0,0
Simply Chickie,0,0,0,0,0,3,0,0,0,0,0,0,0
simsaite kids,0,0,0,0,0,3,0,0,0,0,0,0,0
simva,0,0,0,0,0,3,0,0,0,0,0,0,0
Sippy's Babes</div>,0,0,0,0,0,3,0,0,0,0,0,0,0
Six Hugs and Rock and Roll,0,0,0,0,0,3,0,0,0,0,0,0,0
Skemo</div>,0,0,0,0,0,3,0,0,0,0,0,0,0
Skyler Luna,0,0,0,0,0,3,0,0,0,0,0,0,0
Smafolk,0,0,0,0,0,3,0,0,0,0,0,0,0
Small Stories,0,0,0,0,0,3,0,0,0,0,0,0,0
Smalls,0,0,0,0,0,3,0,0,0,0,0,0,0
Smiling Button,0,0,0,0,0,3,0,0,0,0,0,0,0
Snapper Rock,0,0,0,0,0,3,0,0,0,0,0,0,0
SnoPea,0,0,0,0,0,3,0,0,0,0,0,0,0
Special Kids Company ,-1,1,1,-1,-1,1,0,0,0,0,0,0,0
So Nikki</div>,0,0,0,0,0,3,0,0,0,0,0,0,0
Soapbox Kids</div>,0,0,0,0,0,3,0,0,0,0,0,0,0
Soeur,0,0,0,0,0,3,0,0,0,0,0,0,0
Soffe,0,0,0,0,0,3,0,0,0,0,0,0,0
Sofi</div>,0,0,0,0,0,3,0,0,0,0,0,0,0
Soft Gallery (Denmark),0,0,0,0,0,3,0,0,0,0,0,0,0
Sol Angeles,0,0,0,0,0,3,0,0,0,0,0,0,0
Solamigos,0,0,0,0,0,3,0,0,0,0,0,0,0
Solo Time USA (Watches),0,0,0,0,0,3,0,0,0,0,0,0,0
Someday Soon,0,0,0,0,0,3,0,0,0,0,0,0,0
Sonia rykiel Paris (FR),0,0,0,0,0,3,0,0,0,0,0,0,0
sonny james,0,0,0,0,0,3,0,0,0,0,0,0,0
SOOKI Baby,0,0,0,0,0,3,0,0,0,0,0,0,0
Sophie & Lucas</div>,0,0,0,0,0,3,0,0,0,0,0,0,0
Sophie Catalou,0,0,0,0,0,3,0,0,0,0,0,0,0
Sophie la Giraffe by Kissy Kissy</div>,0,0,0,0,0,3,0,0,0,0,0,0,0
Sorel,0,0,0,0,0,3,0,0,0,0,0,0,0
soulsmania,0,0,0,0,0,3,0,0,0,0,0,0,0
Souris Mini,0,0,0,0,0,3,0,0,0,0,0,0,0
Space Kiddets,0,0,0,0,0,3,0,0,0,0,0,0,0
Sparkle by Stoopher</div>,0,0,0,0,0,3,0,0,0,0,0,0,0
Sparkle Sisters by Couture Clips</div>,0,0,0,0,0,3,0,0,0,0,0,0,0
Special O</div>,0,0,0,0,0,3,0,0,0,0,0,0,0
Spiritual Gangster,0,0,0,0,0,3,0,0,0,0,0,0,0
splash about,0,0,0,0,0,3,0,0,0,0,0,0,0
Splendid/Ella Moss</div>,0,0,0,0,0,3,0,0,0,0,0,0,0
Spoiled Me</div>,0,0,0,0,0,3,0,0,0,0,0,0,0
sproet and sprout,0,0,0,0,0,3,0,0,0,0,0,0,0
Sprout SF,0,0,0,0,0,3,0,0,0,0,0,0,0
ST Berts,0,0,0,0,0,3,0,0,0,0,0,0,0
stample,0,0,0,0,0,3,0,0,0,0,0,0,0
Standard</div>,0,0,0,0,0,3,0,0,0,0,0,0,0
Star Child,0,0,0,0,0,3,0,0,0,0,0,0,0
Starfish Swim/Oxygen Swim</div>,0,0,0,0,0,3,0,0,0,0,0,0,0
Start-rite,0,0,0,0,0,3,0,0,0,0,0,0,0
State Bags (Accessories),0,0,0,0,0,3,0,0,0,0,0,0,0
stay little,0,0,0,0,0,3,0,0,0,0,0,0,0
Stefania,0,0,0,0,0,3,0,0,0,0,0,0,0
steiff (GER),0,0,0,0,0,3,0,0,0,0,0,0,0
Stella Cove,0,0,0,0,0,3,0,0,0,0,0,0,0
Stella Jeans,0,0,0,0,0,3,0,0,0,0,0,0,0
Stella McCartney,0,0,0,0,0,3,0,0,0,0,0,0,0
Step2wo London,0,0,0,0,0,3,0,0,0,0,0,0,0
Sterntaler,0,0,0,0,0,3,0,0,0,0,0,0,0
Steve Madden Kids (Shoes),0,0,0,0,0,3,0,0,0,0,0,0,0
Stok Denim,0,0,0,0,0,3,0,0,0,0,0,0,0
Stone Island Jr,0,0,0,0,0,3,0,0,0,0,0,0,0
Stoney Clover Lane</div>,0,0,0,0,0,3,0,0,0,0,0,0,0
store,0,0,0,0,0,3,0,0,0,0,0,0,0
Sttarwish Designs Dubai</div>,0,0,0,0,0,3,0,0,0,0,0,0,0
STUART WEITZMAN KIDS (Shoes),0,0,0,0,0,3,0,0,0,0,0,0,0
Studio AJ Showroom</div>,0,0,0,0,0,3,0,0,0,0,0,0,0
Studio Noa,0,0,0,0,0,3,0,0,0,0,0,0,0
Sub_Urban Riot</div>,0,0,0,0,0,3,0,0,0,0,0,0,0
Sublime Designs</div>,0,0,0,0,0,3,0,0,0,0,0,0,0
Submarine Kids,0,0,0,0,0,3,0,0,0,0,0,0,0
Sugar Plum NY</div>,0,0,0,0,0,3,0,0,0,0,0,0,0
Suidiatic,0,0,0,0,0,3,0,0,0,0,0,0,0
Sun Pop Life</div>,0,0,0,0,0,3,0,0,0,0,0,0,0
sunao,0,0,0,0,0,3,0,0,0,0,0,0,0
Sunchild,0,0,0,0,0,3,0,0,0,0,0,0,0
Sundek,0,0,0,0,0,3,0,0,0,0,0,0,0
Sunuva ,0,0,0,0,0,3,0,0,0,0,0,0,0
super cute,0,0,0,0,0,3,0,0,0,0,0,0,0
Super Trash Girls (UK),0,0,0,0,0,3,0,0,0,0,0,0,0
Superfit (Shoes),0,0,0,0,0,3,0,0,0,0,0,0,0
Superga Kids (Shoes),0,0,0,0,0,3,0,0,0,0,0,0,0
Superism</div>,0,0,0,0,0,3,0,0,0,0,0,0,0
Surfit (Owned by Jakabel),0,0,0,0,0,3,0,0,0,0,0,0,0
Susanne Lively Designs</div>,0,0,0,0,0,3,0,0,0,0,0,0,0
Suzanne Ermann Enfant,0,0,0,0,0,3,0,0,0,0,0,0,0
Suzette Collection</div>,0,0,0,0,0,3,0,0,0,0,0,0,0
Svaha,0,0,0,0,0,3,0,0,0,0,0,0,0
SwaddleDesigns,0,0,0,0,0,3,0,0,0,0,0,0,0
Sways (Rainwear),0,0,0,0,0,3,0,0,0,0,0,0,0
Sweeny (Out of Business?),0,0,0,0,0,3,0,0,0,0,0,0,0
Sweet Girl Shop,0,0,0,0,0,3,0,0,0,0,0,0,0
sweet home from wood (Nursery),0,0,0,0,0,3,0,0,0,0,0,0,0
Sweet Kids</div>,0,0,0,0,0,3,0,0,0,0,0,0,0
Sweet Pants,0,0,0,0,0,3,0,0,0,0,0,0,0
Sweet Peanut,0,0,0,0,0,3,0,0,0,0,0,0,0
Sweet Threads (Boutique),0,0,0,0,0,3,0,0,0,0,0,0,0
Sweet William ,0,0,0,0,0,3,0,0,0,0,0,0,0
Sweeteen</div>,0,0,0,0,0,3,0,0,0,0,0,0,0
Sweetie Pie Collection</div>,0,0,0,0,0,3,0,0,0,0,0,0,0
Synclaire Brands (Shoes),1,0,0,0,0,3,0,0,0,0,0,0,0
T2Love,0,0,0,0,0,3,0,0,0,0,0,0,0
Tago,0,0,0,0,0,3,0,0,0,0,0,0,0
Tailgate Kids,0,0,0,0,0,3,0,0,0,0,0,0,0
Tailor Vintage,0,0,0,0,0,3,0,0,0,0,0,0,0
Tallia Orange (Formal),0,0,0,0,0,3,0,0,0,0,0,0,0
Tambere,0,0,0,0,0,3,0,0,0,0,0,0,0
Tane Organics,0,0,0,0,0,3,0,0,0,0,0,0,0
Tao and Friends,0,0,0,0,0,3,0,0,0,0,0,0,0
tarantela ,0,0,0,0,0,3,0,0,0,0,0,0,0
Target Dry (Outerwear),0,0,0,0,0,3,0,0,0,0,0,0,0
TaRoo Too (NY),0,0,0,0,0,3,0,0,0,0,0,0,0
Tartine et Chocolat,0,0,0,0,0,3,0,0,0,0,0,0,0
Tea Collection,0,1,1,1,-1,1,1,1,-1,-1,-1,1,-1
Tealbee</div>,0,1,1,1,-1,1,-1,-1,-1,-1,-1,1,-1
Tenson,1,0,0,1,-1,3,0,0,0,0,0,0,0
Terez,0,-1,1,0,0,3,0,0,0,0,0,0,0
Term Footwear,1,0,0,0,0,3,0,0,0,0,0,0,0
TF Laurence,0,0,0,0,0,3,0,0,0,0,0,0,0
the animals observatory,0,1,1,-1,-1,2,1,1,-1,-1,1,1,-1
The Beaufort Bonnet Company</div>,0,1,1,0,-1,2,1,-1,-1,-1,1,1,-1
The Blueberry Hill,1,0,0,0,0,3,0,0,0,0,0,0,0
the bonnie mob,0,1,1,1,-1,2,1,1,1,-1,1,1,-1
The Brand,0,1,1,0,0,3,0,0,0,0,0,0,0
The Dutch Design ,0,0,0,0,0,3,0,0,0,0,0,0,0
The Fableists,0,1,1,1,-1,1,1,-1,1,1,-1,-1,-1
The Faraway Gang,0,1,1,0,0,3,0,0,0,0,0,0,0
The Fruity</div>,0,1,1,1,-1,1,-1,1,-1,-1,-1,-1,-1
The Giving Child</div>,0,1,1,-1,-1,1,-1,-1,-1,-1,-1,1,-1
The Great British Baby Company,0,1,1,1,-1,5,1,-1,-1,-1,-1,-1,-1
The Lines in Between</div>,0,0,0,0,0,3,0,0,0,0,0,0,0
The Little CLothing Co,0,1,1,0,-1,1,1,-1,-1,-1,1,1,-1
The Little Shoemaker,1,0,0,0,0,3,0,0,0,0,0,0,0
The Little Tailor (UK),0,1,1,0,-1,1,-1,-1,-1,-1,1,1,-1
The Mini Classy,0,1,1,0,1,2,-1,1,1,1,-1,-1,-1
the organic project,0,1,1,1,-1,4,1,-1,1,-1,1,-1,-1
The Plush Shop</div>,1,0,0,0,0,3,0,0,0,0,0,0,0
The Rose Garden</div>,1,0,0,0,0,3,0,0,0,0,0,0,0
The Showroom</div>,0,-1,1,0,0,3,0,0,0,0,0,0,0
The Small Gatsby,1,1,1,-1,-1,5,-1,-1,-1,-1,-1,-1,-1
The Spunky Stork,0,1,1,1,1,1,-1,1,1,-1,-1,1,-1
the Sweet Potatoe,0,1,1,0,1,1,1,1,-1,-1,1,-1,-1
The Wild ,0,1,1,-1,-1,1,-1,1,-1,-1,-1,-1,-1
Their Nibs,0,1,1,-1,-1,2,1,-1,-1,-1,1,1,-1
Thimble Collection ,0,1,1,0,1,1,1,-1,-1,-1,1,1,-1
Thread Showroom</div>,0,0,0,0,0,3,0,0,0,0,0,0,0
Three Bows</div>,0,-1,1,-1,-1,2,1,-1,-1,-1,1,-1,-1
Three Little Numbers,0,0,0,0,0,3,0,0,0,0,0,0,0
tia cibani kids,0,1,1,-1,-1,5,1,1,-1,-1,-1,-1,-1
Tiare Hawaii</div>,0,-1,1,0,-1,2,-1,1,-1,-1,-1,-1,-1
Ticket to Heaven (Outerwear),1,0,0,0,0,3,0,0,0,0,0,0,0
Tickle Toes</div>,0,0,0,0,0,3,0,0,0,0,0,0,0
Timberland Kids,1,0,0,0,0,3,0,0,0,0,0,0,0
TimeMachine Clothing</div>,0,-1,1,-1,1,1,-1,1,-1,-1,-1,-1,-1
Tina Neumann,0,0,0,0,0,3,0,0,0,0,0,0,0
Tinono</div>,0,1,1,1,-1,2,1,1,-1,-1,1,-1,-1
Tiny Twig</div>,0,0,0,0,0,3,0,0,0,0,0,0,0
Tiny Universe (UK),1,1,1,0,0,3,0,0,0,0,0,0,0
Tiny Whales,0,1,1,0,1,1,1,1,-1,1,-1,-1,-1
Tiny You,0,1,1,-1,1,1,1,1,-1,-1,1,1,-1
tinycottons,0,1,1,1,-1,2,1,1,1,-1,1,1,-1
tioom et mère,0,1,1,0,-1,1,1,-1,-1,-1,-1,-1,-1
tip toey joey,1,0,0,0,0,3,0,0,0,0,0,0,0
Tip Top Kids</div>,1,0,0,0,0,3,0,0,0,0,0,0,0
TO Collection</div>,1,0,0,0,0,3,0,0,0,0,0,0,0
tobias & the bear,0,1,1,1,-1,1,1,1,1,-1,-1,1,-1
Toby Tiger,0,1,1,1,-1,1,1,1,1,-1,-1,1,-1
Tocoto Vintage,0,1,1,-1,-1,2,1,1,-1,-1,1,-1,-1
Toetum,0,1,1,-1,-1,1,1,-1,-1,-1,-1,1,-1
Toffee Moon ,0,1,1,-1,-1,2,-1,-1,-1,-1,-1,1,-1
Toke and Kone,1,0,0,0,0,3,0,0,0,0,0,0,0
Tom & Drew,0,0,0,0,0,3,0,0,0,0,0,0,0
Tomi Kids</div>,0,1,1,-1,-1,1,-1,-1,-1,-1,1,1,-1
Tommy Hilfiger Kids,0,1,1,-1,-1,2,-1,1,-1,1,-1,-1,1
Too-La-Roo</div>,0,0,0,0,0,3,0,0,0,0,0,0,0
Toobydoo</div>,0,1,1,0,-1,1,1,1,-1,-1,1,-1,-1
Tootsa,0,1,1,1,-1,1,1,1,-1,-1,1,1,-1
Top Gun</div>,1,0,0,0,0,3,0,0,0,0,0,0,0
Torly Kids,0,1,1,0,-1,2,1,1,-1,-1,1,1,-1
Toucan Blue,0,1,1,1,-1,1,1,1,-1,-1,-1,-1,-1
touriste,0,0,0,0,0,3,0,0,0,0,0,0,0
Tracie&#039;s Boutique</div>,0,1,1,-1,-1,1,1,-1,-1,-1,1,-1,-1
Tractr Blu,0,-1,1,-1,-1,1,-1,-1,-1,1,-1,-1,-1
Trade Commision of Peru in New York</div>,0,0,0,0,0,3,0,0,0,0,0,0,0
Tralala,1,0,0,0,0,3,0,0,0,0,0,0,0
Trasluz,0,1,1,-1,-1,2,1,-1,-1,-1,1,1,-1
Treehouse by Anja Schwerbrock,0,-1,1,0,-1,3,-1,-1,1,-1,1,-1,-1
Tretorn Kids</div>,1,0,0,0,0,3,0,0,0,0,0,0,0
Trimfit,0,1,1,0,-1,1,1,1,-1,-1,1,1,-1
Trimfoot Co.</div>,0,0,0,0,0,3,0,0,0,0,0,0,0
TroiZenfantS,0,0,0,0,0,3,0,0,0,0,0,0,0
Tru Luv...everything but the princess?,0,-1,1,-1,-1,1,1,-1,-1,-1,1,-1,-1
True Religion Kids,0,1,1,0,-1,2,1,1,-1,1,-1,-1,-1
Truly Whimsical</div>,0,0,0,0,0,3,0,0,0,0,0,0,0
Trumpette,1,0,0,0,0,3,0,0,0,0,0,0,0
Trussardi (IT),0,0,0,0,0,3,0,0,0,0,0,0,0
tsukihoshi,1,0,0,0,0,3,0,0,0,0,0,0,0
Tuc Tuc,0,1,1,0,-1,1,1,1,-1,-1,1,1,-1
Tuchinda,0,-1,1,-1,-1,3,1,-1,-1,-1,1,-1,-1
Tucker</div>,0,0,0,0,0,3,0,0,0,0,0,0,0
Tuli Bert</div>,0,1,1,-1,-1,1,-1,1,-1,1,-1,-1,-1
Tulip & Nettle,0,1,1,0,-1,2,-1,-1,-1,-1,1,1,-1
Tun Tun</div>,0,1,1,0,0,3,0,0,0,0,0,0,0
tuppence & crumble,1,0,0,0,0,3,0,0,0,0,0,0,0
Turtledove London,0,1,1,1,-1,1,1,-1,1,-1,1,1,-1
Tuss,0,1,1,-1,-1,1,-1,-1,-1,-1,1,-1,-1
Tutto Piccolo (ES),0,1,1,0,-1,1,1,-1,-1,-1,1,1,-1
Tutu Couture International</div>,0,-1,1,-1,-1,3,-1,-1,-1,-1,-1,-1,-1
Tutu Du Monde,0,0,0,0,0,3,0,0,0,0,0,0,0
Twin Set Girl,0,-1,1,0,0,3,0,0,0,0,0,0,0
Twirly Girl,0,-1,1,0,1,3,1,1,-1,-1,1,-1,-1
Twist and Tango,0,0,0,0,0,3,0,0,0,0,0,0,0
Two Els,0,-1,1,-1,-1,3,0,0,0,0,0,0,0
Two Kids and a Dog,0,1,1,-1,-1,2,1,-1,-1,-1,1,1,-1
U Go Girl</div>,0,-1,1,-1,1,3,0,0,0,0,0,0,0
Ublubyblu</div>,0,-1,1,-1,-1,2,1,-1,-1,-1,1,-1,-1
Ugg Australia,1,0,0,0,0,3,0,0,0,0,0,0,0
Uju,0,-1,1,-1,-1,1,1,-1,-1,-1,1,-1,-1
Umi Shoes,0,0,0,0,0,3,0,0,0,0,0,0,0
un pie en versailles,1,0,0,0,0,3,0,0,0,0,0,0,0
UnAuthorized</div>,0,0,0,0,0,3,0,0,0,0,0,0,0
Uncommonly Cute,0,1,1,1,-1,1,-1,-1,-1,-1,1,1,-1
Under the Nile,0,1,1,1,-1,1,-1,-1,1,-1,1,1,-1
Unitrend,1,0,0,0,0,3,0,0,0,0,0,0,0
unlabel,0,0,0,-1,-1,3,0,0,0,0,0,0,0
unlaw,0,0,0,0,0,3,0,0,0,0,0,0,0
UpBaby</div>,0,0,0,0,0,3,0,0,0,0,0,0,0
Urban Mum Shop,0,0,0,0,0,3,0,0,0,0,0,0,0
US Angels,0,0,0,0,0,3,0,0,0,0,0,0,0
ustabelle,0,0,0,0,0,3,0,0,0,0,0,0,0
Uuni</div>,0,0,0,0,0,3,0,0,0,0,0,0,0
V&Crew,0,1,1,1,-1,1,1,-1,-1,-1,-1,-1,-1
Valmax,0,-1,1,-1,-1,3,0,0,0,0,0,0,0
Vander Collection</div>,0,0,0,0,0,3,0,0,0,0,0,0,0
Vandoma (Ties),1,0,0,0,0,3,0,0,0,0,0,0,0
VANS Kids,0,1,-1,0,-1,3,-1,-1,-1,1,-1,-1,-1
Veja,1,0,0,0,0,3,0,0,0,0,0,0,0
Velveteen,0,-1,1,0,-1,4,1,-1,-1,-1,1,-1,-1
Veridiana,0,0,0,0,0,3,-1,1,-1,-1,-1,-1,-1
Vierra Rose</div>,0,0,0,-1,-1,3,0,0,0,0,0,0,0
Vignette by Magpie Mabel</div>,0,-1,1,-1,-1,1,-1,1,-1,-1,1,-1,-1
Vilebrequin,0,1,1,-1,-1,3,1,-1,-1,-1,1,-1,-1
Vineyard Vines,0,1,1,-1,-1,1,1,-1,-1,-1,-1,-1,1
Vingino</div>,0,1,1,0,-1,2,1,-1,-1,1,1,-1,-1
Vintage Havana,0,-1,1,-1,-1,2,-1,1,-1,1,-1,-1,-1
Vintage Kit Disney,0,0,0,0,0,3,0,0,0,0,0,0,0
violeta e federico,0,1,1,0,0,3,0,0,0,0,0,0,0
Visible CLothing,0,1,1,1,-1,2,1,1,1,-1,1,1,-1
Viverano,0,1,1,1,-1,2,-1,-1,1,-1,1,1,-1
Vivi Art Boutique</div>,0,-1,1,-1,-1,5,-1,1,-1,-1,1,-1,-1
Voksi,1,0,0,0,0,3,0,0,0,0,0,0,0
Vonbon,0,1,1,0,-1,2,-1,-1,-1,-1,1,1,-1
Waddle and Friends,1,0,0,0,0,3,0,0,0,0,0,0,0
Waddler,0,1,1,1,-1,2,-1,-1,1,-1,1,-1,-1
Wander and Wonder (Limited SKUs),1,0,0,0,0,3,0,0,0,0,0,0,0
Washington Shoe Company</div>,1,0,0,0,0,3,0,0,0,0,0,0,0
Watchitude</div>,1,0,0,0,0,3,0,0,0,0,0,0,0
Wawa ,0,1,1,1,-1,3,-1,1,-1,-1,1,-1,-1
We The Beautiful</div>,0,1,1,-1,-1,1,1,-1,-1,-1,-1,-1,-1
Wedoble,0,1,1,-1,-1,1,-1,-1,-1,-1,1,-1,-1
Wee Ones,1,0,0,0,0,3,0,0,0,0,0,0,0
Week-end a la Mer,0,1,1,0,0,1,1,-1,-1,-1,-1,-1,-1
Well Grounded CO,0,1,1,-1,-1,1,1,-1,-1,-1,-1,-1,-1
Well Spotted,0,1,1,-1,-1,1,-1,-1,-1,1,-1,-1,-1
Wes and Willy,0,1,-1,-1,-1,1,1,1,-1,1,-1,1,1
Western Chief,1,0,0,0,0,3,0,0,0,0,0,0,0
Wex Baby,0,1,1,1,-1,1,-1,-1,1,-1,1,-1,-1
Wheat,0,1,1,-1,-1,1,1,-1,-1,-1,1,-1,-1
Where is Marlo,0,1,1,1,-1,2,1,-1,1,-1,-1,-1,-1
Whitlow & Hawkins</div>,0,0,0,0,0,3,0,0,0,0,0,0,0
Widgeon (Outerwear),1,0,0,0,0,3,0,0,0,0,0,0,0
Wild & Gorgeous</div>,0,1,1,-1,-1,3,1,-1,-1,1,-1,-1,-1
Wild And Fierce Childrenswear</div>,0,1,1,0,-1,3,0,0,0,0,0,0,0
Wild and Whimsy,0,-1,1,-1,1,1,1,1,-1,-1,-1,-1,-1
Wildchild London,0,1,1,0,-1,1,1,-1,-1,-1,-1,-1,-1
wildfire teepees,1,0,0,0,0,3,0,0,0,0,0,0,0
Winter Water Factory (BROOKLYN),0,1,1,1,1,2,1,1,1,-1,-1,-1,-1
Wobaby Basics,0,1,1,1,-1,1,1,1,1,-1,-1,-1,-1
Wolf and Rita,0,-1,1,1,-1,3,1,1,1,-1,1,-1,-1
Wonderboy,0,-1,-1,0,0,3,0,0,0,0,0,0,0
Woolrich Kids,0,-1,-1,0,0,3,0,0,0,0,0,0,0
wooly organic,0,1,1,1,-1,1,1,-1,1,-1,-1,-1,-1
World by Swing,0,0,0,0,0,3,0,0,0,0,0,0,0
WOWO,0,1,1,-1,-1,1,1,-1,-1,-1,-1,-1,-1
wren & james,0,-1,1,-1,-1,2,1,-1,-1,-1,-1,-1,-1
Xiamen Songwin Trading Co.</div>,0,-1,1,0,-1,3,1,-1,-1,-1,1,-1,-1
Y'all Kids,0,1,1,-1,1,2,-1,1,-1,-1,-1,-1,-1
Yala Designs,0,1,1,-1,-1,2,-1,-1,-1,-1,1,-1,-1
yellow pelota,0,1,1,0,-1,2,-1,-1,-1,-1,1,-1,-1
Yizzam,0,0,0,0,1,1,1,1,-1,-1,-1,-1,-1
yo baby,0,-1,1,0,-1,1,1,1,-1,-1,1,-1,-1
Yoka Showroom,0,1,1,-1,-1,3,1,-1,-1,-1,1,-1,-1
Young and Free Apparel,0,1,1,-1,-1,1,-1,-1,-1,-1,1,1,-1
Young Versace,0,1,1,0,-1,5,1,1,-1,-1,1,-1,-1
Youngsoles,1,0,0,0,0,3,0,0,0,0,0,0,0
yporque,0,1,1,-1,-1,1,-1,-1,-1,1,1,-1,-1
Z' Baby Company,0,1,1,-1,-1,2,-1,-1,-1,-1,1,-1,-1
Za and Lu,0,1,-1,-1,-1,1,-1,-1,-1,1,-1,-1,-1
Zadig & Voltare,0,1,1,-1,-1,2,-1,-1,-1,1,-1,-1,-1
Zaza Couture ,0,1,1,-1,-1,1,1,1,-1,-1,-1,-1,-1
Zef (footwear),1,0,0,0,0,3,0,0,0,0,0,0,0
Zibalee (Out of Business?),0,0,0,0,0,3,0,0,0,0,0,0,0
ZipIt ,0,1,1,-1,-1,1,-1,-1,-1,-1,-1,1,-1
Zoe Grados,0,1,1,1,-1,3,1,-1,1,-1,-1,-1,-1
Zoe Ltd.</div> (not even started),0,0,0,0,0,3,0,0,0,0,0,0,0
Zolima (Accessories),1,0,0,0,0,3,0,0,0,0,0,0,0
Zutano ,0,1,1,-1,-1,1,1,-1,-1,-1,1,1,-1
,0,0,0,0,0,3,0,0,0,0,0,0,0
